idx,제목,기관명,근무지,고용형태,등록일,마감일,D-day,남은일수,마감임박,상태,상세URL,최초수집일,최초수집일
304043,[한려해상]2026년 기간제 직원(대체인력-탐방시설) 채용 공고,국립공원공단,경남,비정규직,2026-08-19,2026-09-02,13,14,,진행중,https://job.alio.go.kr/recruitview.do?idx=304043,2026-08-19,2026-08-19
304013,[태백병원] 공무직(전기기계통신기사-기계분야) 채용 공고,근로복지공단,강원,무기계약직,2026-08-19,2026-08-26,6,7,,진행중,https://job.alio.go.kr/recruitview.do?idx=304013,2026-08-19,2026-08-19
304011,한국문화관광연구원 지역관광개발관리센터 휴직대체인력 채용(9.2. 접수마감),한국문화관광연구원,서울,비정규직,2026-08-19,2026-09-02,13,14,,진행중,https://job.alio.go.kr/recruitview.do?idx=304011,2026-08-19,2026-08-19
304010,한국문화관광연구원 2026년 제2차 청년인턴(장애인제한경쟁) 채용(9.2. 접수마감),한국문화관광연구원,서울,청년인턴(체험형),2026-08-19,2026-09-02,13,14,,진행중,https://job.alio.go.kr/recruitview.do?idx=304010,2026-08-19,2026-08-19
304009,[한국수자원공사] 양주수도지사 단기계약근로자(지방상수도 시설운영_교대근무) 채용 공고,한국수자원공사,경기,비정규직,2026-08-19,2026-09-02,13,14,,진행중,https://job.alio.go.kr/recruitview.do?idx=304009,2026-08-19,2026-08-19
304006,한국농어촌공사 강원지역본부 일반계약직(농촌공간광역지원기관 운영) 채용 공고,한국농어촌공사,강원,비정규직,2026-08-19,2026-08-27,7,8,,진행중,https://job.alio.go.kr/recruitview.do?idx=304006,2026-08-19,2026-08-19
304002,한국서부발전(주) 태안발전본부 기간제 대체인력(4직급) 모집공고,한국서부발전(주),충남,비정규직,2026-08-19,2026-09-03,14,15,,진행중,https://job.alio.go.kr/recruitview.do?idx=304002,2026-08-19,2026-08-19
304001,2026년 8월 충북대학교병원 기간제근무자(응급구조사) 모집 공고,충북대학교병원,충북,비정규직,2026-08-19,2026-09-02,13,14,,진행중,https://job.alio.go.kr/recruitview.do?idx=304001,2026-08-19,2026-08-19
304000,채용형 인턴 채용공고(주택관리공단 부산울산지사),주택관리공단(주),부산 외 1,청년인턴(채용형),2026-08-19,2026-08-26,6,7,,진행중,https://job.alio.go.kr/recruitview.do?idx=304000,2026-08-19,2026-08-19
303999,2026년 제8차 한국통계진흥원 직원 채용 공고,(재)한국통계진흥원,서울 외 1,비정규직 외 1,2026-08-19,2026-09-03,14,15,,진행중,https://job.alio.go.kr/recruitview.do?idx=303999,2026-08-19,2026-08-19
303978,"[대전보훈병원] 정규직(기술직(건축), 보건직(방사선사, 임상병리사), 일반기능직(시설(영선), 시설(기계)) 채용 공고",한국보훈복지의료공단,대전,정규직,2026-08-19,2026-09-02,13,14,,진행중,https://job.alio.go.kr/recruitview.do?idx=303978,2026-08-19,2026-08-19
303997,한전KPS(주)광주전남전력지사 순천지점 단기노무원 채용,한전KPS(주),전남광주,비정규직,2026-08-19,2026-08-24,4,5,,진행중,https://job.alio.go.kr/recruitview.do?idx=303997,2026-08-19,2026-08-19
303996,한전KPS(주)당진사업처 단기노무원 채용([기술부] '26년 경상정비공사 1차 채용),한전KPS(주),충남,비정규직,2026-08-19,2026-08-21,1,2,Y,진행중,https://job.alio.go.kr/recruitview.do?idx=303996,2026-08-19,2026-08-19
303995,[본사] 공단 장애인 체험형 청년인턴(재택 사무보조) 통합채용 공고,한국보훈복지의료공단,서울 외 4,청년인턴(체험형),2026-08-19,2026-08-28,8,9,,진행중,https://job.alio.go.kr/recruitview.do?idx=303995,2026-08-19,2026-08-19
303954,"2026년도 일반직 경력간호사(분만실, NICU) 모집공고",국민건강보험공단 일산병원,경기,정규직,2026-08-19,2026-09-02,13,14,,진행중,https://job.alio.go.kr/recruitview.do?idx=303954,2026-08-19,2026-08-19
303990,한전KDN(주) 대구본부 배전자동화 공사 분야 작업원 모집공고,한전KDN,대구 외 1,비정규직,2026-08-19,2026-09-02,13,14,,진행중,https://job.alio.go.kr/recruitview.do?idx=303990,2026-08-19,2026-08-19
303988,한국폴리텍대학 창원캠퍼스 2026년 하반기 업무지원직(식당 단시간근로자) 3차 채용 공고,학교법인한국폴리텍,경남,비정규직,2026-08-19,2026-08-23,3,4,,진행중,https://job.alio.go.kr/recruitview.do?idx=303988,2026-08-19,2026-08-19
303960,"우체국금융개발원 2026년 7차(장애인 제한경쟁(헬스키퍼, 청년인턴))공개채용 공고",(재)우체국금융개발원,서울 외 1,비정규직 외 1,2026-08-19,2026-09-02,13,14,,진행중,https://job.alio.go.kr/recruitview.do?idx=303960,2026-08-19,2026-08-19
303961,2026년 하반기 건강보험심사평가원 정규직 채용 공고,건강보험심사평가원,강원,정규직,2026-08-19,2026-09-02,13,14,,진행중,https://job.alio.go.kr/recruitview.do?idx=303961,2026-08-19,2026-08-19
304014,2026년 기간제근로자 및 체험형청년인턴 채용 공고,제주국제자유도시개발센터,제주,비정규직 외 1,2026-08-19,2026-09-03,14,15,,진행중,https://job.alio.go.kr/recruitview.do?idx=304014,2026-08-19,2026-08-19
304016,한전KPS(주) 한울1사업처 한울1호기 제27차 계획예방정비공사 단기노무원 채용 공고(1차),한전KPS(주),경북,비정규직,2026-08-19,2026-09-01,12,13,,진행중,https://job.alio.go.kr/recruitview.do?idx=304016,2026-08-19,2026-08-19
304041,2026년도 한국환경공단 체험형 인턴(장애부문) 추가채용 공고,한국환경공단,서울 외 4,청년인턴(체험형),2026-08-19,2026-08-25,5,6,,진행중,https://job.alio.go.kr/recruitview.do?idx=304041,2026-08-19,2026-08-19
304040,[원주보훈요양원] 2026년 제5차 요양보호직 공개채용,한국보훈복지의료공단,강원,정규직,2026-08-19,2026-09-03,14,15,,진행중,https://job.alio.go.kr/recruitview.do?idx=304040,2026-08-19,2026-08-19
304039,"2026년 하반기 기간제계약직(운전,비서) 채용 공고",울산항만공사,울산,비정규직,2026-08-19,2026-09-02,13,14,,진행중,https://job.alio.go.kr/recruitview.do?idx=304039,2026-08-19,2026-08-19
304038,2026년 하반기 무기계약직(경력/시설관리) 채용 공고,울산항만공사,울산,무기계약직,2026-08-19,2026-09-02,13,14,,진행중,https://job.alio.go.kr/recruitview.do?idx=304038,2026-08-19,2026-08-19
303919,"2026년 8월 업무지원직 모집공고(보건직, 기능직)",국민건강보험공단 일산병원,경기,무기계약직,2026-08-19,2026-09-02,13,14,,진행중,https://job.alio.go.kr/recruitview.do?idx=303919,2026-08-19,2026-08-19
304036,2026년 한국폴리텍대학 영주캠퍼스 업무직(대학운영직 조리원) 채용 공고,학교법인한국폴리텍,경북,무기계약직,2026-08-19,2026-08-25,5,6,,진행중,https://job.alio.go.kr/recruitview.do?idx=304036,2026-08-19,2026-08-19
304035,2026년도 서울대학교병원 하반기 신규 직원 채용 공고 (장애인 특별우대),서울대학교병원,서울,정규직,2026-08-19,2026-09-02,13,14,,진행중,https://job.alio.go.kr/recruitview.do?idx=304035,2026-08-19,2026-08-19
304033,[제2026-14호] 육아정책연구소 정규직 부연구위원 채용,육아정책연구소,서울,정규직,2026-08-19,2026-09-02,13,14,,진행중,https://job.alio.go.kr/recruitview.do?idx=304033,2026-08-19,2026-08-19
303963,한전KDN(주) 인천사업처 배전자동화분야 작업원 모집공고,한전KDN,인천 외 1,비정규직,2026-08-19,2026-09-02,13,14,,진행중,https://job.alio.go.kr/recruitview.do?idx=303963,2026-08-19,2026-08-19
303898,"2026년 8월 기간제근로자 모집공고(보건직, 기능직)",국민건강보험공단 일산병원,경기,비정규직,2026-08-19,2026-09-02,13,14,,진행중,https://job.alio.go.kr/recruitview.do?idx=303898,2026-08-19,2026-08-19
304027,계약직 전문의 채용 재공고(소아청소년과),국립중앙의료원,서울,비정규직,2026-08-19,2026-08-31,11,12,,진행중,https://job.alio.go.kr/recruitview.do?idx=304027,2026-08-19,2026-08-19
304026,"의사직 전문의 채용 재공고(내분비대사내과, 중환자전담전문의)",국립중앙의료원,서울,정규직,2026-08-19,2026-08-31,11,12,,진행중,https://job.alio.go.kr/recruitview.do?idx=304026,2026-08-19,2026-08-19
304024,2026년 KOICA 글로벌연수(동남아시아 수출입 식품 안전관리 역량강화 사업) 일용직직원 채용,한국식품안전관리인증원,경기 외 1,비정규직,2026-08-19,2026-08-25,5,6,,진행중,https://job.alio.go.kr/recruitview.do?idx=304024,2026-08-19,2026-08-19
304021,[소백산생태탐방원] 2026년 소백산생태탐방원 기간제(한시인력_탐방운전) 직원 채용 공고,국립공원공단,경북,비정규직,2026-08-19,2026-08-24,4,5,,진행중,https://job.alio.go.kr/recruitview.do?idx=304021,2026-08-19,2026-08-19
304020,[계룡산] 2026년 계룡산국립공원사무소 국립공원지킴이(한시인력) 채용 재공고,국립공원공단,대전 외 1,비정규직,2026-08-19,2026-08-24,4,5,,진행중,https://job.alio.go.kr/recruitview.do?idx=304020,2026-08-19,2026-08-19
304019,"한전KPS(주)한빛1사업처 한빛1,2호기 OH공사 단기노무원 통합채용공고",한전KPS(주),전남광주,비정규직,2026-08-19,2026-08-24,4,5,,진행중,https://job.alio.go.kr/recruitview.do?idx=304019,2026-08-19,2026-08-19
304018,[덕유산] 덕유산국립공원 가을성수기 한시인력(환경관리) 직원 채용 공고,국립공원공단,전북,비정규직,2026-08-19,2026-08-24,4,5,,진행중,https://job.alio.go.kr/recruitview.do?idx=304018,2026-08-19,2026-08-19
304017,한전KPS(주)서인천사업처 2026년 신인천 4CC 계획예방정비공사 안전관리보조 단기노무원 채용공고,한전KPS(주),인천,비정규직,2026-08-19,2026-08-21,1,2,Y,진행중,https://job.alio.go.kr/recruitview.do?idx=304017,2026-08-19,2026-08-19
303968,2026년도 하반기 직무전문가(사내변호사) 모집공고,한국서부발전(주),충남,비정규직,2026-08-18,2026-09-01,12,13,,진행중,https://job.alio.go.kr/recruitview.do?idx=303968,2026-08-19,2026-08-19
303969,2026년 제2차 장애인 체험형 인턴 채용공고 [인천본부],한국전력공사,인천 외 1,청년인턴(체험형),2026-08-18,2026-09-01,12,13,,진행중,https://job.alio.go.kr/recruitview.do?idx=303969,2026-08-19,2026-08-19
303966,[태안] 2026년 태안해안 기간제[한시인력_환경관리(해양)] 직원 채용,국립공원공단,충남,비정규직,2026-08-18,2026-08-24,4,5,,진행중,https://job.alio.go.kr/recruitview.do?idx=303966,2026-08-19,2026-08-19
303965,[울산남부지사] 청년(체험형)인턴 채용 공고,근로복지공단,울산,청년인턴(체험형),2026-08-18,2026-08-25,5,6,,진행중,https://job.alio.go.kr/recruitview.do?idx=303965,2026-08-19,2026-08-19
303964,(통영적십자병원) 정규직 간호사 채용 공고,대한적십자사,경남,정규직,2026-08-18,2026-09-03,14,15,,진행중,https://job.alio.go.kr/recruitview.do?idx=303964,2026-08-19,2026-08-19
303971,한국폴리텍대학 바이오캠퍼스 업무직(대학운영직_조리원) 채용공고,학교법인한국폴리텍,충남,무기계약직,2026-08-18,2026-08-27,7,8,,진행중,https://job.alio.go.kr/recruitview.do?idx=303971,2026-08-19,2026-08-19
303962,2026년 제5차 국립해양박물관 직원(체험형인턴(학예)) 채용 공고,국립해양박물관,부산,청년인턴(체험형),2026-08-18,2026-09-01,12,13,,진행중,https://job.alio.go.kr/recruitview.do?idx=303962,2026-08-19,2026-08-19
303959,기간제근로자(대체인력) 채용공고 [강원본부 강릉지사],한국전력공사,강원,비정규직,2026-08-18,2026-09-01,12,13,,진행중,https://job.alio.go.kr/recruitview.do?idx=303959,2026-08-19,2026-08-19
303957,2026년 계약직연구원 공개채용(인공지능 서비스 이용자보호 정책 연구),정보통신정책연구원,충북,비정규직,2026-08-18,2026-09-02,13,14,,진행중,https://job.alio.go.kr/recruitview.do?idx=303957,2026-08-19,2026-08-19
303844,한전KPS(주)부산경남전력지사 기장지점 단기노무원(상주감시) 모집,한전KPS(주),부산,비정규직,2026-08-18,2026-09-08,19,20,,진행중,https://job.alio.go.kr/recruitview.do?idx=303844,2026-08-19,2026-08-19
303856,(공고취소)한전KPS(주)안양사업소 경상정비공사 단기노무원 모집(정비보조),한전KPS(주),경기,비정규직,2026-08-18,2026-08-20,,1,Y,진행중,https://job.alio.go.kr/recruitview.do?idx=303856,2026-08-19,2026-08-19
303894,한국폴리텍대학 동부산캠퍼스 체험형 청년인턴(장애) 채용(2차) 공고,학교법인한국폴리텍,부산,청년인턴(체험형),2026-08-18,2026-08-25,5,6,,진행중,https://job.alio.go.kr/recruitview.do?idx=303894,2026-08-19,2026-08-19
303911,[직원채용] 동남권원자력의학원 박사후 연수연구원(첨단방사선종양연구팀) 공개 채용,동남권원자력의학원,부산,비정규직,2026-08-18,2026-08-31,11,12,,진행중,https://job.alio.go.kr/recruitview.do?idx=303911,2026-08-19,2026-08-19
303973,한전KPS(주)제주사업소 경상정비공사 단기노무원 채용공고,한전KPS(주),제주,비정규직,2026-08-18,2026-08-21,1,2,Y,진행중,https://job.alio.go.kr/recruitview.do?idx=303973,2026-08-19,2026-08-19
303974,국립박물관문화재단 2026년 제3차 직원 채용 공고,국립박물관문화재단,서울 외 1,무기계약직 외 2,2026-08-18,2026-09-02,13,14,,진행중,https://job.alio.go.kr/recruitview.do?idx=303974,2026-08-19,2026-08-19
303992,한국폴리텍대학 광주캠퍼스 청년인턴(장애) 채용 공고,학교법인한국폴리텍,전남광주,청년인턴(체험형),2026-08-18,2026-08-26,6,7,,진행중,https://job.alio.go.kr/recruitview.do?idx=303992,2026-08-19,2026-08-19
303989,건축공간연구원 무기직(행정원) 모집,건축공간연구원,세종,무기계약직,2026-08-18,2026-09-02,13,14,,진행중,https://job.alio.go.kr/recruitview.do?idx=303989,2026-08-19,2026-08-19
303987,건축공간연구원 정규직(부연구위원) 모집,건축공간연구원,세종,정규직,2026-08-18,2026-09-09,20,21,,진행중,https://job.alio.go.kr/recruitview.do?idx=303987,2026-08-19,2026-08-19
303986,2026년 하반기 신규직원 채용 공고,한국식품안전관리인증원,서울 외 8,청년인턴(채용형) 외 1,2026-08-18,2026-09-02,13,14,,진행중,https://job.alio.go.kr/recruitview.do?idx=303986,2026-08-19,2026-08-19
303985,한국폴리텍대학 부산캠퍼스 2026년 청년인턴(장애) 3차 채용,학교법인한국폴리텍,부산,청년인턴(체험형),2026-08-18,2026-08-26,6,7,,진행중,https://job.alio.go.kr/recruitview.do?idx=303985,2026-08-19,2026-08-19
303984,[소백산북부] 2026년 가을철 한시인력(탐방로 보수전담팀) 채용 공고,국립공원공단,충북,비정규직,2026-08-18,2026-08-24,4,5,,진행중,https://job.alio.go.kr/recruitview.do?idx=303984,2026-08-19,2026-08-19
303983,"[대전] 의생명연구원 연구교수(B)_의학,약학,통계학 공개채용 모집공고",충남대학교병원,대전,비정규직,2026-08-18,2026-09-01,12,13,,진행중,https://job.alio.go.kr/recruitview.do?idx=303983,2026-08-19,2026-08-19
303982,[안전보건공단 서울광역본부] 강원동부지사 업무직(환경미화원) 채용공고,한국산업안전보건공단,강원,무기계약직,2026-08-18,2026-08-31,11,12,,진행중,https://job.alio.go.kr/recruitview.do?idx=303982,2026-08-19,2026-08-19
303981,한국여성정책연구원 2026년 제4차 직원 블라인드 채용 공고,한국여성정책연구원,서울,무기계약직 외 3,2026-08-18,2026-09-01,12,13,,진행중,https://job.alio.go.kr/recruitview.do?idx=303981,2026-08-19,2026-08-19
303980,[강원지역본부] 기간제(사무원) 채용 공고,근로복지공단,강원,비정규직,2026-08-18,2026-08-25,5,6,,진행중,https://job.alio.go.kr/recruitview.do?idx=303980,2026-08-19,2026-08-19
303977,제2026-4회 한국원자력의학원 정기직원채용,한국원자력의학원,서울,무기계약직 외 1,2026-08-18,2026-09-02,13,14,,진행중,https://job.alio.go.kr/recruitview.do?idx=303977,2026-08-19,2026-08-19
303976,한국수출입은행 2026년 하반기 경력직원 채용,한국수출입은행,서울,비정규직,2026-08-18,2026-09-02,13,14,,진행중,https://job.alio.go.kr/recruitview.do?idx=303976,2026-08-19,2026-08-19
304031,2026학년도 전임교원 초빙공고,한국전력국제원자력대학원대학교,울산,정규직,2026-08-18,2026-09-21,32,33,,진행중,https://job.alio.go.kr/recruitview.do?idx=304031,2026-08-19,2026-08-19
303975,"우체국물류지원단 경인지사 안양,부평물류사업소 기간제(우편물구분) 채용 재공고",(재)우체국물류지원단,인천 외 1,비정규직,2026-08-18,2026-08-24,4,5,,진행중,https://job.alio.go.kr/recruitview.do?idx=303975,2026-08-19,2026-08-19
303887,한전KDN(주) 「AI기반 무정전활선작업 무인화 로봇플랫폼 개발 및 실증」연구과제 프로젝트계약근로자 채용공고,한전KDN,대전 외 1,비정규직,2026-08-17,2026-08-31,11,12,,진행중,https://job.alio.go.kr/recruitview.do?idx=303887,2026-08-19,2026-08-19
303883,한전KDN(주) VPP 연구과제 프로젝트계약근로자 채용공고,한전KDN,전남광주,비정규직,2026-08-17,2026-08-31,11,12,,진행중,https://job.alio.go.kr/recruitview.do?idx=303883,2026-08-19,2026-08-19
303930,한전KPS(주) 서울경기전력지사 수원지점 단기노무원(수목관리사) 모집,한전KPS(주),경기,비정규직,2026-08-15,2026-08-19,,0,Y,진행중,https://job.alio.go.kr/recruitview.do?idx=303930,2026-08-19,2026-08-19
303903,한전KPS(주) 일산사업소 '26년도 3GT OH 2차 단기노무원 채용,한전KPS(주),경기,비정규직,2026-08-15,2026-08-18,,-1,,마감,https://job.alio.go.kr/recruitview.do?idx=303903,2026-08-19,2026-08-19
303917,한국폴리텍대학 창원캠퍼스 2026년 하반기 업무지원직(식당 단시간근로자) 2차 채용 공고,학교법인한국폴리텍,경남,비정규직,2026-08-15,2026-08-23,3,4,,진행중,https://job.alio.go.kr/recruitview.do?idx=303917,2026-08-19,2026-08-19
303812,2026년도 하반기 한국농업기술진흥원 정규직 공개경쟁채용 제한경쟁채용 및 사회형평채용 공고,한국농업기술진흥원,경북 외 1,무기계약직 외 1,2026-08-14,2026-08-31,11,12,,진행중,https://job.alio.go.kr/recruitview.do?idx=303812,2026-08-19,2026-08-19
303798,2026년도 3분기 실무직 및 기간제근로자 채용공고,한국도로교통공단,서울 외 7,무기계약직 외 1,2026-08-14,2026-08-28,8,9,,진행중,https://job.alio.go.kr/recruitview.do?idx=303798,2026-08-19,2026-08-19
303916,[동해병원] 기간제 의사(응급실전담의) 채용 공고,근로복지공단,강원,비정규직,2026-08-14,2026-08-21,1,2,Y,진행중,https://job.alio.go.kr/recruitview.do?idx=303916,2026-08-19,2026-08-19
303915,[동해병원] 기간제 의사(진단검사의학과 또는 병리과) 채용 공고,근로복지공단,강원,비정규직,2026-08-14,2026-08-21,1,2,Y,진행중,https://job.alio.go.kr/recruitview.do?idx=303915,2026-08-19,2026-08-19
303914,[동해병원] 기간제 의사(재활의학과 전문의) 채용 공고,근로복지공단,강원,비정규직,2026-08-14,2026-08-21,1,2,Y,진행중,https://job.alio.go.kr/recruitview.do?idx=303914,2026-08-19,2026-08-19
303913,[치악산] 치악산국립공원사무소 기간제(한시인력-탐방로보수) 직원 채용,국립공원공단,강원,비정규직,2026-08-14,2026-08-18,,-1,,마감,https://job.alio.go.kr/recruitview.do?idx=303913,2026-08-19,2026-08-19
303912,"(재)우체국시설관리단 현장직원 2026년도 10차 통합 채용 공고(기술, 경비, 미화)",(재)우체국시설관리단,서울 외 5,무기계약직 외 1,2026-08-14,2026-08-28,8,9,,진행중,https://job.alio.go.kr/recruitview.do?idx=303912,2026-08-19,2026-08-19
303767,한국무역보험공사 2026년 하반기 일반직 신입사원 채용공고,한국무역보험공사,서울 외 13,정규직,2026-08-14,2026-08-28,8,9,,진행중,https://job.alio.go.kr/recruitview.do?idx=303767,2026-08-19,2026-08-19
303910,제주대학교병원 단시간 계약직(장애인_병원안내 등) 모집공고,제주대학교병원,제주,비정규직,2026-08-14,2026-08-21,1,2,Y,진행중,https://job.alio.go.kr/recruitview.do?idx=303910,2026-08-19,2026-08-19
303909,제주대학교병원 의료기술직(물리치료사) 모집공고,제주대학교병원,제주,정규직,2026-08-14,2026-08-25,5,6,,진행중,https://job.alio.go.kr/recruitview.do?idx=303909,2026-08-19,2026-08-19
303766,분당서울대학교병원 신입(업무지원직) 직원 채용 공고,분당서울대학교병원,경기,정규직,2026-08-14,2026-08-24,4,5,,진행중,https://job.alio.go.kr/recruitview.do?idx=303766,2026-08-19,2026-08-19
303908,제주대학교병원 휴직대체 계약직(임상병리사) 모집공고,제주대학교병원,제주,비정규직,2026-08-14,2026-08-28,8,9,,진행중,https://job.alio.go.kr/recruitview.do?idx=303908,2026-08-19,2026-08-19
303907,[경인지역관내] 공무직 직원 채용 공고,근로복지공단,인천 외 1,무기계약직,2026-08-14,2026-08-21,1,2,Y,진행중,https://job.alio.go.kr/recruitview.do?idx=303907,2026-08-19,2026-08-19
303906,[경인지역본부] 청년(체험형)인턴 채용 공고,근로복지공단,인천,청년인턴(체험형),2026-08-14,2026-08-21,1,2,Y,진행중,https://job.alio.go.kr/recruitview.do?idx=303906,2026-08-19,2026-08-19
303905,[제2026-89호] 한국장애인개발원 2026년도 경영지원부 사회형평적(고졸) 청년인턴 채용 공고,한국장애인개발원,서울,청년인턴(체험형),2026-08-14,2026-08-28,8,9,,진행중,https://job.alio.go.kr/recruitview.do?idx=303905,2026-08-19,2026-08-19
303904,[순천병원] 별정직 의사(진단검사의학과) 채용 공고,근로복지공단,전남광주,정규직,2026-08-14,2026-08-24,4,5,,진행중,https://job.alio.go.kr/recruitview.do?idx=303904,2026-08-19,2026-08-19
303763,분당서울대학교병원 신입(업무지원직_미화) 직원 채용 공고,분당서울대학교병원,경기,정규직,2026-08-14,2026-08-24,4,5,,진행중,https://job.alio.go.kr/recruitview.do?idx=303763,2026-08-19,2026-08-19
303902,[월악산] 2026년 월악산국립공원사무소 한시인력(탐방예약제관리) 직원 채용,국립공원공단,충북,비정규직,2026-08-14,2026-08-24,4,5,,진행중,https://job.alio.go.kr/recruitview.do?idx=303902,2026-08-19,2026-08-19
303901,서울올림픽기념국민체육진흥공단 지원직(스포츠단 숙소관리) 채용 공고(재공고),서울올림픽기념국민체육진흥공단,경기,무기계약직,2026-08-14,2026-08-24,4,5,,진행중,https://job.alio.go.kr/recruitview.do?idx=303901,2026-08-19,2026-08-19
303799,한전KPS(주) 청주시운전부 정비보조 단기노무원 2차 채용,한전KPS(주),충북,비정규직,2026-08-14,2026-08-18,,-1,,마감,https://job.alio.go.kr/recruitview.do?idx=303799,2026-08-19,2026-08-19
303897,[중앙보훈병원] 체험형 청년인턴(든든동행파트너) 채용 공고,한국보훈복지의료공단,서울,청년인턴(체험형),2026-08-14,2026-08-25,5,6,,진행중,https://job.alio.go.kr/recruitview.do?idx=303897,2026-08-19,2026-08-19
303896,2026년 제3차 장애인 체험형인턴 채용 [경남본부],한국전력공사,경남,청년인턴(체험형),2026-08-14,2026-08-28,8,9,,진행중,https://job.alio.go.kr/recruitview.do?idx=303896,2026-08-19,2026-08-19
303895,한국환경공단(본사) K-eco연구원 ESG기업지원부 기간제근로자(촉탁 라급) 채용공고,한국환경공단,인천,비정규직,2026-08-14,2026-08-28,8,9,,진행중,https://job.alio.go.kr/recruitview.do?idx=303895,2026-08-19,2026-08-19
303810,한전KPS(주)강원충북전력지사 단기노무원(신청주지점 수목재적조사) 채용 공고(17차),한전KPS(주),충북,비정규직,2026-08-14,2026-08-19,,0,Y,진행중,https://job.alio.go.kr/recruitview.do?idx=303810,2026-08-19,2026-08-19
303768,한국무역보험공사 2026년 사무직(고졸) 신입사원 채용공고,한국무역보험공사,서울 외 13,정규직,2026-08-14,2026-08-28,8,9,,진행중,https://job.alio.go.kr/recruitview.do?idx=303768,2026-08-19,2026-08-19
303845,"[KDI국제정책대학원] 2026년 제8차 인턴직원 채용(교육행정, 경영기획)",KDI국제정책대학원,세종,비정규직,2026-08-14,2026-08-30,10,11,,진행중,https://job.alio.go.kr/recruitview.do?idx=303845,2026-08-19,2026-08-19
303761,분당서울대학교병원 신입(업무지원직 장애인) 직원 채용 공고,분당서울대학교병원,경기,정규직,2026-08-14,2026-08-24,4,5,,진행중,https://job.alio.go.kr/recruitview.do?idx=303761,2026-08-19,2026-08-19
303879,한국폴리텍대학 전남캠퍼스 업무직(조리원) 채용(5차) 공고,학교법인한국폴리텍,전남광주,무기계약직,2026-08-14,2026-08-26,6,7,,진행중,https://job.alio.go.kr/recruitview.do?idx=303879,2026-08-19,2026-08-19
303893,한전KPS(주)광주전남전력지사 광주지점 단기노무원 채용,한전KPS(주),전남광주,비정규직,2026-08-14,2026-08-18,,-1,,마감,https://job.alio.go.kr/recruitview.do?idx=303893,2026-08-19,2026-08-19
303921,한전KPS(주)울산사업소 기계부 단기노무원 모집(1차),한전KPS(주),울산,비정규직,2026-08-14,2026-08-18,,-1,,마감,https://job.alio.go.kr/recruitview.do?idx=303921,2026-08-19,2026-08-19
303953,대전세종충남혈액원 비정규직 육아휴직 대체 임상병리사 채용 공고(9개월),대한적십자사,대전,비정규직,2026-08-14,2026-08-31,11,12,,진행중,https://job.alio.go.kr/recruitview.do?idx=303953,2026-08-19,2026-08-19
303949,제주대학교병원 사업인력 계약직(권역난임임산부심리상담센터_임상심리사 또는 사회복지사 또는 간호사) 모집공고,제주대학교병원,제주,비정규직,2026-08-14,2026-08-25,5,6,,진행중,https://job.alio.go.kr/recruitview.do?idx=303949,2026-08-19,2026-08-19
303951,대전세종충남혈액원 비정규직 육아휴직 대체 사무보조원 채용 공고,대한적십자사,대전,비정규직,2026-08-14,2026-08-31,11,12,,진행중,https://job.alio.go.kr/recruitview.do?idx=303951,2026-08-19,2026-08-19
303946,[전북혈액원] 비정규직 육아휴직대체(간호사) 채용 공고,대한적십자사,전북,비정규직,2026-08-14,2026-08-30,10,11,,진행중,https://job.alio.go.kr/recruitview.do?idx=303946,2026-08-19,2026-08-19
303945,2026년도 제2차 수시 채용 공고,국토안전관리원,충북 외 2,비정규직,2026-08-14,2026-08-31,11,12,,진행중,https://job.alio.go.kr/recruitview.do?idx=303945,2026-08-19,2026-08-19
303943,2026년 제4차 기간제 근로자(휴직대체인력) 채용(일반행정지원),한국농수산식품유통공사,대구 외 2,비정규직,2026-08-14,2026-08-31,11,12,,진행중,https://job.alio.go.kr/recruitview.do?idx=303943,2026-08-19,2026-08-19
303942,[세종] 2026년 8월 업무지원직 직원 채용공고,충남대학교병원,세종,정규직,2026-08-14,2026-08-28,8,9,,진행중,https://job.alio.go.kr/recruitview.do?idx=303942,2026-08-19,2026-08-19
303941,[남부혈액검사센터] 2026년 비정규직 기간제(장애인) 채용 공고,대한적십자사,부산,비정규직,2026-08-14,2026-08-31,11,12,,진행중,https://job.alio.go.kr/recruitview.do?idx=303941,2026-08-19,2026-08-19
303940,계약직 주말약사(약제부) 재공고,국립중앙의료원,서울,비정규직,2026-08-14,2026-08-24,4,5,,진행중,https://job.alio.go.kr/recruitview.do?idx=303940,2026-08-19,2026-08-19
303939,계약직 간호사(감염내과-상담실) 재공고,국립중앙의료원,서울,비정규직,2026-08-14,2026-08-24,4,5,,진행중,https://job.alio.go.kr/recruitview.do?idx=303939,2026-08-19,2026-08-19
304029,(수정) 한전KPS(주)부산경남전력지사 통영지점 단기노무원(상주감시) 모집,한전KPS(주),경남,비정규직,2026-08-14,2026-08-19,,0,Y,진행중,https://job.alio.go.kr/recruitview.do?idx=304029,2026-08-19,2026-08-19
303938,[노사발전재단] 「2026년 대한민국 일·생활 균형 우수기업 선정」 사업 채용 공고,노사발전재단,서울,비정규직,2026-08-14,2026-08-31,11,12,,진행중,https://job.alio.go.kr/recruitview.do?idx=303938,2026-08-19,2026-08-19
303937,계약직 단시간근로자-간호조무사(소화기내과 내시경실) 재공고,국립중앙의료원,서울,비정규직,2026-08-14,2026-08-24,4,5,,진행중,https://job.alio.go.kr/recruitview.do?idx=303937,2026-08-19,2026-08-19
303936,계약직 연구원(데이터기반정책연구팀) 재공고,국립중앙의료원,서울,비정규직,2026-08-14,2026-08-24,4,5,,진행중,https://job.alio.go.kr/recruitview.do?idx=303936,2026-08-19,2026-08-19
303922,한전KPS(주)강원충북전력지사 단기노무원 채용 공고(18차)(벌목부/아보리스트/송전업무정비보조),한전KPS(주),강원 외 1,비정규직,2026-08-14,2026-08-19,,0,Y,진행중,https://job.alio.go.kr/recruitview.do?idx=303922,2026-08-19,2026-08-19
303923,한국보건사회연구원 계약직 채용 공고(사회서비스정책분야),한국보건사회연구원,세종,비정규직,2026-08-14,2026-08-31,11,12,,진행중,https://job.alio.go.kr/recruitview.do?idx=303923,2026-08-19,2026-08-19
303925,2026년도 제2차 국민연금공단 기금운용본부 기금운용직 채용공고,국민연금공단,전북,정규직,2026-08-14,2026-08-28,8,9,,진행중,https://job.alio.go.kr/recruitview.do?idx=303925,2026-08-19,2026-08-19
303926,"2026년 한국소비자원 제2차 청년인턴(장애인, 지역상생) 채용 공고",한국소비자원,충북,청년인턴(체험형),2026-08-14,2026-08-24,4,5,,진행중,https://job.alio.go.kr/recruitview.do?idx=303926,2026-08-19,2026-08-19
303952,대전세종충남혈액원 비정규직 육아휴직 대체 임상병리사 채용 공고(약 1년 3개월),대한적십자사,대전,비정규직,2026-08-14,2026-08-31,11,12,,진행중,https://job.alio.go.kr/recruitview.do?idx=303952,2026-08-19,2026-08-19
303927,한국문화관광연구원 위촉직원 채용 공고 [2026-32],한국문화관광연구원,서울,비정규직,2026-08-14,2026-08-28,8,9,,진행중,https://job.alio.go.kr/recruitview.do?idx=303927,2026-08-19,2026-08-19
303928,한전KPS(주) 서울경기전력지사 고양지점 단기노무원(상주감시원) 모집,한전KPS(주),경기,비정규직,2026-08-14,2026-08-19,,0,Y,진행중,https://job.alio.go.kr/recruitview.do?idx=303928,2026-08-19,2026-08-19
303929,[광주보훈병원] 계약직 보건직(임상심리사) - 휴직대체 직원 채용 공고,한국보훈복지의료공단,전남광주,비정규직,2026-08-14,2026-08-24,4,5,,진행중,https://job.alio.go.kr/recruitview.do?idx=303929,2026-08-19,2026-08-19
303931,국립암센터 마취통증의학과 촉탁의 초빙 공고,국립암센터,경기,비정규직,2026-08-14,2026-08-31,11,12,,진행중,https://job.alio.go.kr/recruitview.do?idx=303931,2026-08-19,2026-08-19
303935,국립광주과학관 2026년도 제5회 직원 공개경쟁 채용공고,국립광주과학관,전남광주,무기계약직 외 2,2026-08-14,2026-08-30,10,11,,진행중,https://job.alio.go.kr/recruitview.do?idx=303935,2026-08-19,2026-08-19
303934,2026년 한국에너지정보문화재단 제1차 채용,한국에너지정보문화재단,서울,청년인턴(체험형) 외 1,2026-08-14,2026-08-31,11,12,,진행중,https://job.alio.go.kr/recruitview.do?idx=303934,2026-08-19,2026-08-19
303932,한국환경보전원 자연복원기획처 자연복원사업팀 기간제 직원 채용 공고,한국환경보전원,서울,비정규직,2026-08-14,2026-08-24,4,5,,진행중,https://job.alio.go.kr/recruitview.do?idx=303932,2026-08-19,2026-08-19
303933,2026년 오대산사무소 기간제(한시인력) [환경관리] 직원 채용(3차),국립공원공단,강원,비정규직,2026-08-14,2026-08-21,1,2,Y,진행중,https://job.alio.go.kr/recruitview.do?idx=303933,2026-08-19,2026-08-19
303846,한국폴리텍대학 충주캠퍼스 업무직(대학운영직_조리원) 채용 공고,학교법인한국폴리텍,충북,무기계약직,2026-08-13,2026-08-20,,1,Y,진행중,https://job.alio.go.kr/recruitview.do?idx=303846,2026-08-19,2026-08-19
303847,부산혈액원 비정규직 초단시간 임상병리사 채용 공고(2차),대한적십자사,부산,비정규직,2026-08-13,2026-08-28,8,9,,진행중,https://job.alio.go.kr/recruitview.do?idx=303847,2026-08-19,2026-08-19
303849,부산혈액원 헌혈의집 서면센터 비정규직 헌혈권장원(장애인 제한경쟁) 채용 공고,대한적십자사,부산,비정규직,2026-08-13,2026-08-28,8,9,,진행중,https://job.alio.go.kr/recruitview.do?idx=303849,2026-08-19,2026-08-19
303861,[한국수자원공사] (재공고) 2026년 진도수도지사 기간제근로자(수탁운영_지방상수도 고객관리) 채용 공고(육아휴직 대체인력),한국수자원공사,전남광주,비정규직,2026-08-13,2026-08-27,7,8,,진행중,https://job.alio.go.kr/recruitview.do?idx=303861,2026-08-19,2026-08-19
303852,서울올림픽기념국민체육진흥공단 경륜 조리원 채용 공고,서울올림픽기념국민체육진흥공단,경기 외 1,무기계약직,2026-08-13,2026-08-27,7,8,,진행중,https://job.alio.go.kr/recruitview.do?idx=303852,2026-08-19,2026-08-19
303853,서울올림픽기념국민체육진흥공단 경륜공원운영센터 지원직 채용 공고,서울올림픽기념국민체육진흥공단,경기,무기계약직,2026-08-13,2026-08-27,7,8,,진행중,https://job.alio.go.kr/recruitview.do?idx=303853,2026-08-19,2026-08-19
303854,서울올림픽기념국민체육진흥공단 경륜경정총괄본부 단기지원직(장애인) 채용 공고,서울올림픽기념국민체육진흥공단,경기,비정규직,2026-08-13,2026-08-27,7,8,,진행중,https://job.alio.go.kr/recruitview.do?idx=303854,2026-08-19,2026-08-19
303855,"[제2026-13호] 육아정책연구소 위촉직 연구원, 체험형 청년인턴(연구인턴) 채용",육아정책연구소,서울,비정규직 외 1,2026-08-13,2026-08-27,7,8,,진행중,https://job.alio.go.kr/recruitview.do?idx=303855,2026-08-19,2026-08-19
303857,"[국민연금공단 대전세종지역본부] 공무직(시설직, 보안직) 및 기간제근로자(근로능력평가직) 공개채용 공고",국민연금공단,대전 외 3,무기계약직 외 1,2026-08-13,2026-08-20,,1,Y,진행중,https://job.alio.go.kr/recruitview.do?idx=303857,2026-08-19,2026-08-19
303859,[제2026-88호] 2026년도 제4차 경기도장애아동·발달장애인지원센터 기간제 계약직 채용 공고,한국장애인개발원,경기,비정규직,2026-08-13,2026-08-28,8,9,,진행중,https://job.alio.go.kr/recruitview.do?idx=303859,2026-08-19,2026-08-19
303860,2026년 한국폴리텍대학 울산캠퍼스 하반기 행정지원직(교학처 학과조교 휴직 대체) 2차 채용 공고,학교법인한국폴리텍,울산,비정규직,2026-08-13,2026-08-21,1,2,Y,진행중,https://job.alio.go.kr/recruitview.do?idx=303860,2026-08-19,2026-08-19
303858,"2026년 8월 제2차 임시직원 모집 공고(장례물품판매, 보건의료정보관리사)",경북대학교병원,대구,비정규직,2026-08-13,2026-08-18,,-1,,마감,https://job.alio.go.kr/recruitview.do?idx=303858,2026-08-19,2026-08-19
303843,한국기술교육대학교 대학혁신지원사업 대우교수 채용 공고,한국기술교육대학교,충남,비정규직,2026-08-13,2026-08-27,7,8,,진행중,https://job.alio.go.kr/recruitview.do?idx=303843,2026-08-19,2026-08-19
303842,제2026-5회 기초과학연구원 별정직 채용 공고,기초과학연구원,대전,비정규직,2026-08-13,2026-08-28,8,9,,진행중,https://job.alio.go.kr/recruitview.do?idx=303842,2026-08-19,2026-08-19
303841,[태백산] 태백산국립공원사무소 수익시설 기간제(한시인력) 직원 채용(3차) 공고,국립공원공단,강원,비정규직,2026-08-13,2026-08-20,,1,Y,진행중,https://job.alio.go.kr/recruitview.do?idx=303841,2026-08-19,2026-08-19
303829,한전KPS(주) 서울경기전력지사 양주지점 단기노무원(벌목공) 모집,한전KPS(주),경기,비정규직,2026-08-13,2026-08-18,,-1,,마감,https://job.alio.go.kr/recruitview.do?idx=303829,2026-08-19,2026-08-19
303828,한전KPS(주) 삼천포사업처 단기노무원(기계 단순보조) 채용(제47차),한전KPS(주),경남,비정규직,2026-08-13,2026-08-19,,0,Y,진행중,https://job.alio.go.kr/recruitview.do?idx=303828,2026-08-19,2026-08-19
303827,"칠곡경북대학교병원 2026년 8월 4차 임시직원 채용공고(시설기술(건축, 설비))",경북대학교병원,대구,비정규직,2026-08-13,2026-08-18,,-1,,마감,https://job.alio.go.kr/recruitview.do?idx=303827,2026-08-19,2026-08-19
303822,한국폴리텍대학 익산캠퍼스 2026 청년인턴(장애) 채용 공고,학교법인한국폴리텍,전북,청년인턴(체험형),2026-08-13,2026-08-20,,1,Y,진행중,https://job.alio.go.kr/recruitview.do?idx=303822,2026-08-19,2026-08-19
303776,한전KDN(주) 구미지사 배전분야 일용근로자 모집공고,한전KDN,경북,비정규직,2026-08-13,2026-08-27,7,8,,진행중,https://job.alio.go.kr/recruitview.do?idx=303776,2026-08-19,2026-08-19
303972,한국토지주택공사 세종특별본부 기간제근로자 채용공고 (2026-08),한국토지주택공사,세종,비정규직,2026-08-20,2026-09-03,14,15,,진행중,https://job.alio.go.kr/recruitview.do?idx=303972,2026-08-19,2026-08-19
304015,2026년 제3차 해외원전건설처 기간제근로자(통·번역사) 채용,한국수력원자력(주),경북,비정규직,2026-08-20,2026-09-04,15,16,,진행중,https://job.alio.go.kr/recruitview.do?idx=304015,2026-08-19,2026-08-19
303979,2026년도 교통직(무기계약직) 공개채용 공고,한국도로교통공단,서울 외 14,무기계약직,2026-08-20,2026-09-04,15,16,,진행중,https://job.alio.go.kr/recruitview.do?idx=303979,2026-08-19,2026-08-19
304025,한전KPS(주)강원충북전력지사 단기노무원(춘천지점 송전업무정비보조) 채용 공고(19차),한전KPS(주),경기 외 1,비정규직,2026-08-20,2026-08-24,4,5,,진행중,https://job.alio.go.kr/recruitview.do?idx=304025,2026-08-19,2026-08-19
304044,2026년 하반기 신입직원 및 경력직원 채용 공고,한국산업단지공단,서울 외 15,정규직,2026-08-20,2026-09-03,14,15,,진행중,https://job.alio.go.kr/recruitview.do?idx=304044,2026-08-19,2026-08-19
304042,한국폴리텍대학 원주캠퍼스 업무직(대학운영직_미화원) 채용 공고,학교법인한국폴리텍,강원,무기계약직,2026-08-20,2026-08-27,7,8,,진행중,https://job.alio.go.kr/recruitview.do?idx=304042,2026-08-19,2026-08-19
304023,"2026년도 블라인드 공개채용 청년인턴(방사선사, 일반행정, 임상병리사, 임상심리사) 모집 공고",부산대학교병원,경남,청년인턴(체험형),2026-08-20,2026-09-04,15,16,,진행중,https://job.alio.go.kr/recruitview.do?idx=304023,2026-08-19,2026-08-19
304007,한전KPS(주)원자력정비기술센터 단기노무원 모집(원전해체사업팀),한전KPS(주),경북,비정규직,2026-08-20,2026-08-24,4,5,,진행중,https://job.alio.go.kr/recruitview.do?idx=304007,2026-08-19,2026-08-19
304034,한국철도공사 부산경남본부 2026년 기간제근로자(운전담당원) 채용공고,한국철도공사,울산,비정규직,2026-08-20,2026-09-03,14,15,,진행중,https://job.alio.go.kr/recruitview.do?idx=304034,2026-08-19,2026-08-19
304003,한국토지주택공사 수도권정비사업특별본부 기간제근로자(물건조사) 채용공고,한국토지주택공사,경기,비정규직,2026-08-20,2026-09-03,14,15,,진행중,https://job.alio.go.kr/recruitview.do?idx=304003,2026-08-19,2026-08-19
303993,2026년 한국폴리텍대학 포항캠퍼스 업무직(조리원)채용 5차공고,학교법인한국폴리텍,경북,무기계약직,2026-08-20,2026-08-28,8,9,,진행중,https://job.alio.go.kr/recruitview.do?idx=303993,2026-08-19,2026-08-19
303994,한전KDN(주) 대전충남본부 배전자동화 공사분야 작업원 모집공고,한전KDN,대전 외 2,비정규직,2026-08-20,2026-09-03,14,15,,진행중,https://job.alio.go.kr/recruitview.do?idx=303994,2026-08-19,2026-08-19
304022,"2026년도 8월 블라인드 공개채용 계약직(간호직, 보건직, 행정직, 간호조무직, 원무직, 업무(시설)지원직) 모집 공고",부산대학교병원,경남,비정규직,2026-08-20,2026-09-03,14,15,,진행중,https://job.alio.go.kr/recruitview.do?idx=304022,2026-08-19,2026-08-19
304048,인천적십자병원 비정규직 고용원(사무보조원)(장애인 제한경쟁) 채용 공,대한적십자사,인천,비정규직,2026-08-19,2026-09-03,14,15,,진행중,https://job.alio.go.kr/recruitview.do?idx=304048,2026-08-19,2026-08-19
304047,인천적십자병원 비정규직 보건직(물리치료사) 채용공고,대한적십자사,인천,비정규직,2026-08-19,2026-09-04,15,16,,진행중,https://job.alio.go.kr/recruitview.do?idx=304047,2026-08-19,2026-08-19
304046,인천적십자병원 비정규직 보건직(임상병리사) 채용공고,대한적십자사,인천,비정규직,2026-08-19,2026-09-04,15,16,,진행중,https://job.alio.go.kr/recruitview.do?idx=304046,2026-08-19,2026-08-19
304045,인천적십자병원 육아휴직 대체인력(비정규직 간호사) 채용공고,대한적십자사,인천,비정규직,2026-08-19,2026-09-04,15,16,,진행중,https://job.alio.go.kr/recruitview.do?idx=304045,2026-08-19,2026-08-19
304032,[제2026-91호] 2026년 제6차 경상북도장애아동·발달장애인지원센터 (장애아동지원팀) 기간제 계약직 채용 공고,한국장애인개발원,경북,비정규직,2026-08-21,2026-09-04,14,15,,진행중,https://job.alio.go.kr/recruitview.do?idx=304032,2026-08-20,2026-08-20
304076,한전KDN(주) 진주지사 AMI 분야 비정규직 모집공고,한전KDN,경남,비정규직,2026-08-21,2026-09-04,14,15,,진행중,https://job.alio.go.kr/recruitview.do?idx=304076,2026-08-20,2026-08-20
304030,한국토지주택공사 경기남부지역본부 기간제근로자 채용공고,한국토지주택공사,경기,비정규직,2026-08-21,2026-09-04,14,15,,진행중,https://job.alio.go.kr/recruitview.do?idx=304030,2026-08-20,2026-08-20
304028,제2026-6회 기초과학연구원 반데르발스 양자 물질 연구단 연구직 채용 공고,기초과학연구원,경북,비정규직,2026-08-21,2026-09-07,17,18,,진행중,https://job.alio.go.kr/recruitview.do?idx=304028,2026-08-20,2026-08-20
304051,2026년 국립생태원 하반기 체험형 청년인턴 채용 공고,국립생태원,충남 외 2,청년인턴(체험형),2026-08-21,2026-09-04,14,15,,진행중,https://job.alio.go.kr/recruitview.do?idx=304051,2026-08-20,2026-08-20
304008,한전KPS(주)원자력정비기술센터 단기노무원 모집(성능개선팀),한전KPS(주),부산,비정규직,2026-08-21,2026-08-24,3,4,,진행중,https://job.alio.go.kr/recruitview.do?idx=304008,2026-08-20,2026-08-20
304087,정보통신기획평가원 직원채용(청년인턴(장애)) 공고,정보통신기획평가원,대전,청년인턴(체험형),2026-08-21,2026-09-04,14,15,,진행중,https://job.alio.go.kr/recruitview.do?idx=304087,2026-08-20,2026-08-20
304056,한국폴리텍대학 남인천캠퍼스 체험형 청년인턴(장애) 채용 2차 공고,학교법인한국폴리텍,인천,청년인턴(체험형),2026-08-21,2026-08-30,9,10,,진행중,https://job.alio.go.kr/recruitview.do?idx=304056,2026-08-20,2026-08-20
304064,"계약직(보건직,행정직) 공개채용 모집 공고",부산대학교병원,부산,비정규직,2026-08-21,2026-09-04,14,15,,진행중,https://job.alio.go.kr/recruitview.do?idx=304064,2026-08-20,2026-08-20
304054,(재공고)대한법률구조공단 주택 및 상가건물임대차분쟁조정위원회 2026년 심사관 신규 채용,대한법률구조공단,대구,비정규직,2026-08-20,2026-08-31,10,11,,진행중,https://job.alio.go.kr/recruitview.do?idx=304054,2026-08-20,2026-08-20
304053,[채용] 2026년 정규직 부연구위원 공개채용 공고(제2026-08호),통일연구원,서울,정규직,2026-08-20,2026-09-04,14,15,,진행중,https://job.alio.go.kr/recruitview.do?idx=304053,2026-08-20,2026-08-20
304052,대외환경협력처 환경보건팀(환경보건 분야) 기간제 직원 채용 재공고,한국환경보전원,서울,비정규직,2026-08-20,2026-08-30,9,10,,진행중,https://job.alio.go.kr/recruitview.do?idx=304052,2026-08-20,2026-08-20
304050,한전KPS(주)신서천사업소 26년 6차 경상정비공사 단기노무원 채용,한전KPS(주),충남,비정규직,2026-08-20,2026-08-24,3,4,,진행중,https://job.alio.go.kr/recruitview.do?idx=304050,2026-08-20,2026-08-20
304049,한국건강가정진흥원 2026년 제3차 직원 채용 공고(청년인턴 체험형),한국건강가정진흥원,서울,청년인턴(체험형),2026-08-20,2026-09-03,13,14,,진행중,https://job.alio.go.kr/recruitview.do?idx=304049,2026-08-20,2026-08-20
304057,2026년도 한국서부발전(주) 2차 체험형 인턴 모집공고,한국서부발전(주),충남 외 1,청년인턴(체험형),2026-08-20,2026-09-03,13,14,,진행중,https://job.alio.go.kr/recruitview.do?idx=304057,2026-08-20,2026-08-20
304059,베테랑 시니어지원단(기간제근로자) 공개채용 공고,국민연금공단,서울 외 10,비정규직,2026-08-20,2026-08-27,6,7,,진행중,https://job.alio.go.kr/recruitview.do?idx=304059,2026-08-20,2026-08-20
304092,2026년 한국교통안전공단 개방형직위(AI서비스개발) 공모,한국교통안전공단,경북,비정규직,2026-08-20,2026-09-04,14,15,,진행중,https://job.alio.go.kr/recruitview.do?idx=304092,2026-08-20,2026-08-20
304060,한국문화관광연구원 위촉직원 채용 공고 [2026-33],한국문화관광연구원,서울,비정규직,2026-08-20,2026-08-27,6,7,,진행중,https://job.alio.go.kr/recruitview.do?idx=304060,2026-08-20,2026-08-20
304061,채용형 인턴 채용공고(주택관리공단 대구경북지사),주택관리공단(주),대구 외 1,청년인턴(채용형),2026-08-20,2026-08-27,6,7,,진행중,https://job.alio.go.kr/recruitview.do?idx=304061,2026-08-20,2026-08-20
304077,국립암센터 정규직 간호직(경력직) 채용공고,국립암센터,경기,정규직,2026-08-20,2026-09-04,14,15,,진행중,https://job.alio.go.kr/recruitview.do?idx=304077,2026-08-20,2026-08-20
304088,[제2026-90호] 2026년도 제4차 정책연구부 위촉연구원 채용 공고,한국장애인개발원,서울,비정규직,2026-08-20,2026-09-03,13,14,,진행중,https://job.alio.go.kr/recruitview.do?idx=304088,2026-08-20,2026-08-20
304075,국립암센터 정규직 간호직(IRB지원팀 경력직) 채용공고,국립암센터,경기,정규직,2026-08-20,2026-09-04,14,15,,진행중,https://job.alio.go.kr/recruitview.do?idx=304075,2026-08-20,2026-08-20
304089,한국도로공사 충주지사 기간제근로자(상황관리원) 채용공고,한국도로공사,충북,비정규직,2026-08-20,2026-08-27,6,7,,진행중,https://job.alio.go.kr/recruitview.do?idx=304089,2026-08-20,2026-08-20
304081,2026년 한국도로공사 전문연구원 채용 공고,한국도로공사,경기,무기계약직,2026-08-20,2026-09-03,13,14,,진행중,https://job.alio.go.kr/recruitview.do?idx=304081,2026-08-20,2026-08-20
304082,2026년 한국도로공사 전문직(안전관리전문가) 채용 공고,한국도로공사,경북,비정규직,2026-08-20,2026-09-03,13,14,,진행중,https://job.alio.go.kr/recruitview.do?idx=304082,2026-08-20,2026-08-20
304090,제주대학교병원 휴직대체 계약직(임상병리사) 수정 모집공고,제주대학교병원,제주,비정규직,2026-08-20,2026-09-03,13,14,,진행중,https://job.alio.go.kr/recruitview.do?idx=304090,2026-08-20,2026-08-20
304086,2026년 한국도로공사 전문직(도로주행시뮬레이터) 채용 공고,한국도로공사,경기,비정규직,2026-08-20,2026-09-03,13,14,,진행중,https://job.alio.go.kr/recruitview.do?idx=304086,2026-08-20,2026-08-20
304091,[에너지경제연구원] 위촉연구원 채용공고(에너지안보정책연구실),에너지경제연구원,울산,비정규직,2026-08-20,2026-09-04,14,15,,진행중,https://job.alio.go.kr/recruitview.do?idx=304091,2026-08-20,2026-08-20
304074,한국원자력안전기술원 2026년 5차 청년인턴(장애) 공개채용 공고,한국원자력안전기술원,대전,청년인턴(체험형),2026-08-20,2026-09-04,14,15,,진행중,https://job.alio.go.kr/recruitview.do?idx=304074,2026-08-20,2026-08-20
304085,2026년 한국도로공사 전문직(GPR조사분석전문가) 채용 공고,한국도로공사,경기,비정규직,2026-08-20,2026-09-03,13,14,,진행중,https://job.alio.go.kr/recruitview.do?idx=304085,2026-08-20,2026-08-20
304073,한국원자력안전기술원 2026년 5차 청년인턴 공개채용 공고,한국원자력안전기술원,대전,청년인턴(체험형),2026-08-20,2026-09-04,14,15,,진행중,https://job.alio.go.kr/recruitview.do?idx=304073,2026-08-20,2026-08-20
304084,2026년 한국도로공사 전문직(드론안전점검전문가) 채용 공고,한국도로공사,경남,비정규직,2026-08-20,2026-09-03,13,14,,진행중,https://job.alio.go.kr/recruitview.do?idx=304084,2026-08-20,2026-08-20
304067,[태백병원] 의료직 3급(약사) 채용 공고,근로복지공단,강원,정규직,2026-08-20,2026-08-31,10,11,,진행중,https://job.alio.go.kr/recruitview.do?idx=304067,2026-08-20,2026-08-20
304062,육아휴직 대체직 채용공고(주택관리공단 대구경북지사),주택관리공단(주),대구,비정규직,2026-08-20,2026-08-27,6,7,,진행중,https://job.alio.go.kr/recruitview.do?idx=304062,2026-08-20,2026-08-20
304063,육아휴직 대체직 채용공고(주택관리공단 대구경북지사),주택관리공단(주),경북,비정규직,2026-08-20,2026-08-27,6,7,,진행중,https://job.alio.go.kr/recruitview.do?idx=304063,2026-08-20,2026-08-20
304065,기간제근로자(대체인력)채용공고 (인천본부),한국전력공사,인천 외 1,비정규직,2026-08-20,2026-09-03,13,14,,진행중,https://job.alio.go.kr/recruitview.do?idx=304065,2026-08-20,2026-08-20
304066,[소백산] 소백산사무소 기간제(한시인력 수익시설) 직원 2차 채용,국립공원공단,경북,비정규직,2026-08-20,2026-08-25,4,5,,진행중,https://job.alio.go.kr/recruitview.do?idx=304066,2026-08-20,2026-08-20
304079,대한적십자사 서울남부혈액원 비정규직 대체인력 임상병리사 채용공고,대한적십자사,서울,비정규직,2026-08-20,2026-09-04,14,15,,진행중,https://job.alio.go.kr/recruitview.do?idx=304079,2026-08-20,2026-08-20
304068,[동해병원] 기간제 의사(산부인과) 채용 공고,근로복지공단,강원,비정규직,2026-08-20,2026-08-27,6,7,,진행중,https://job.alio.go.kr/recruitview.do?idx=304068,2026-08-20,2026-08-20
304069,[재활공학연구소] 기간제(위촉연구원) 채용 공고,근로복지공단,인천,비정규직,2026-08-20,2026-08-27,6,7,,진행중,https://job.alio.go.kr/recruitview.do?idx=304069,2026-08-20,2026-08-20
304070,[지리산전북] 지리산국립공원전북사무소 한시인력(탐방로보수) 채용 공고,국립공원공단,전북,비정규직,2026-08-20,2026-08-24,3,4,,진행중,https://job.alio.go.kr/recruitview.do?idx=304070,2026-08-20,2026-08-20
304071,채용형 인턴 채용공고(주택관리공단 경기남부지사),주택관리공단(주),경기,청년인턴(채용형),2026-08-20,2026-08-27,6,7,,진행중,https://job.alio.go.kr/recruitview.do?idx=304071,2026-08-20,2026-08-20
304083,2026년 한국도로공사 전문직(건설기계전문가) 채용 공고,한국도로공사,경북,비정규직,2026-08-20,2026-09-03,13,14,,진행중,https://job.alio.go.kr/recruitview.do?idx=304083,2026-08-20,2026-08-20
304149,2026년도 우체국물류지원단 4분기 정기채용(공무직_소포) 공고,(재)우체국물류지원단,서울,무기계약직,2026-08-21,2026-09-04,13,14,,진행중,https://job.alio.go.kr/recruitview.do?idx=304149,2026-08-21,2026-08-21
304120,"한국한의약진흥원 제3차 채용(정규직, 계약직 및 청년인턴)공고",한국한의약진흥원,서울 외 2,비정규직 외 2,2026-08-21,2026-09-07,16,17,,진행중,https://job.alio.go.kr/recruitview.do?idx=304120,2026-08-21,2026-08-21
304119,2026년도 제5차 충북대학교병원 신규직원 블라인드 채용 공고,충북대학교병원,충북,정규직,2026-08-21,2026-09-04,13,14,,진행중,https://job.alio.go.kr/recruitview.do?idx=304119,2026-08-21,2026-08-21
304116,한국언론진흥재단 2026년 2차 체험형 청년인턴(대구지사) 채용 공고,한국언론진흥재단,대구,청년인턴(체험형),2026-08-21,2026-09-04,13,14,,진행중,https://job.alio.go.kr/recruitview.do?idx=304116,2026-08-21,2026-08-21
304108,한국문화관광연구원 위촉직원 채용 공고[2026-34],한국문화관광연구원,서울,비정규직,2026-08-21,2026-08-28,6,7,,진행중,https://job.alio.go.kr/recruitview.do?idx=304108,2026-08-21,2026-08-21
304106,[동해병원] 의료직(간호사) 6급 채용 공고,근로복지공단,강원,정규직,2026-08-21,2026-08-31,9,10,,진행중,https://job.alio.go.kr/recruitview.do?idx=304106,2026-08-21,2026-08-21
304105,[태백병원] 의료직 7급(간호조무사) 채용 공고,근로복지공단,강원,정규직,2026-08-21,2026-08-31,9,10,,진행중,https://job.alio.go.kr/recruitview.do?idx=304105,2026-08-21,2026-08-21
304104,[태백병원] 의료직(간호사) 6급 채용 공고,근로복지공단,강원,정규직,2026-08-21,2026-08-31,9,10,,진행중,https://job.alio.go.kr/recruitview.do?idx=304104,2026-08-21,2026-08-21
304102,[순천병원] 별정직 의사(재활의학과) 채용 공고,근로복지공단,전남광주,정규직,2026-08-21,2026-08-31,9,10,,진행중,https://job.alio.go.kr/recruitview.do?idx=304102,2026-08-21,2026-08-21
304100,한국예술인복지재단 2026년 제6차 직원 채용 공고(기획경영본부장 계약직),한국예술인복지재단,서울,비정규직,2026-08-21,2026-09-07,16,17,,진행중,https://job.alio.go.kr/recruitview.do?idx=304100,2026-08-21,2026-08-21
304099,오송첨단의료산업진흥재단 2026년 제4차 위촉직 채용 공고,오송첨단의료산업진흥재단,충북,비정규직,2026-08-21,2026-09-04,13,14,,진행중,https://job.alio.go.kr/recruitview.do?idx=304099,2026-08-21,2026-08-21
304098,한전KPS(주)울산사업소 전기부 단기노무원 모집(1차),한전KPS(주),울산,비정규직,2026-08-21,2026-08-25,3,4,,진행중,https://job.alio.go.kr/recruitview.do?idx=304098,2026-08-21,2026-08-21
304097,한국농어촌공사 농지은행처 계약직근로자(농지은행 상담) 일반공개경쟁 채용 공고,한국농어촌공사,전남광주,비정규직,2026-08-21,2026-09-07,16,17,,진행중,https://job.alio.go.kr/recruitview.do?idx=304097,2026-08-21,2026-08-21
304096,[경기혈액원] 대체계약직 사무보조원 (휴직 대체) 채용 공고,대한적십자사,경기,비정규직,2026-08-21,2026-09-07,16,17,,진행중,https://job.alio.go.kr/recruitview.do?idx=304096,2026-08-21,2026-08-21
304095,[경기혈액원] 비정규직 초단시간 임상병리사 채용 공고,대한적십자사,경기,비정규직,2026-08-21,2026-09-07,16,17,,진행중,https://job.alio.go.kr/recruitview.do?idx=304095,2026-08-21,2026-08-21
304094,한국항로표지기술원 개방형 공모직위(전략사업2처장) 채용 공고,한국항로표지기술원,세종,비정규직,2026-08-21,2026-09-07,16,17,,진행중,https://job.alio.go.kr/recruitview.do?idx=304094,2026-08-21,2026-08-21
304093,한국폴리텍 다솜고등학교 기간제교사(생활상담) 공개채용 공고,학교법인한국폴리텍,충북,비정규직,2026-08-21,2026-08-30,8,9,,진행중,https://job.alio.go.kr/recruitview.do?idx=304093,2026-08-21,2026-08-21
304121,한전KPS(주)남제주사업소 복합ST&HRSG 계획예방정비공사 단기노무원 채용 공고,한전KPS(주),제주,비정규직,2026-08-21,2026-08-28,6,7,,진행중,https://job.alio.go.kr/recruitview.do?idx=304121,2026-08-21,2026-08-21
304122,한국폴리텍대학 충주캠퍼스 업무직(대학운영직_조리원) 채용 재공고,학교법인한국폴리텍,충북,무기계약직,2026-08-21,2026-08-30,8,9,,진행중,https://job.alio.go.kr/recruitview.do?idx=304122,2026-08-21,2026-08-21
304123,"공간정보품질관리원 2026년 제3차 채용(기간제,청년인턴,휴직대체) 공고",공간정보품질관리원,서울 외 1,비정규직 외 1,2026-08-21,2026-09-04,13,14,,진행중,https://job.alio.go.kr/recruitview.do?idx=304123,2026-08-21,2026-08-21
304148,"2026년도 우체국물류지원단 4분기 정기채용(기술직 마케팅, 선임급) 공고",(재)우체국물류지원단,서울,정규직,2026-08-21,2026-09-04,13,14,,진행중,https://job.alio.go.kr/recruitview.do?idx=304148,2026-08-21,2026-08-21
304147,"2026년도 우체국물류지원단 4분기 정기채용(기술직 안전, 선임급) 공고",(재)우체국물류지원단,서울,정규직,2026-08-21,2026-09-04,13,14,,진행중,https://job.alio.go.kr/recruitview.do?idx=304147,2026-08-21,2026-08-21
304146,"2026년도 우체국물류지원단 4분기 정기채용(사무직 행정, 5급) 공고",(재)우체국물류지원단,서울,정규직,2026-08-21,2026-09-04,13,14,,진행중,https://job.alio.go.kr/recruitview.do?idx=304146,2026-08-21,2026-08-21
304145,2026년도 우체국물류지원단 4분기 정기채용(개방형직위_원주사업소장) 공고,(재)우체국물류지원단,강원,정규직,2026-08-21,2026-09-04,13,14,,진행중,https://job.alio.go.kr/recruitview.do?idx=304145,2026-08-21,2026-08-21
304144,2026년도 우체국물류지원단 4분기 정기채용(개방형직위_운송사업처장) 공고,(재)우체국물류지원단,서울,정규직,2026-08-21,2026-09-04,13,14,,진행중,https://job.alio.go.kr/recruitview.do?idx=304144,2026-08-21,2026-08-21
304143,"2026년 세종학당재단 하반기 무기계약직, 일반계약직 채용 공고",세종학당재단,서울,무기계약직 외 1,2026-08-21,2026-09-07,16,17,,진행중,https://job.alio.go.kr/recruitview.do?idx=304143,2026-08-21,2026-08-21
304142,경인권역재활병원 비정규직(대체인력) 작업치료사 채용 공고(2026.10.1.임용),대한적십자사,인천,비정규직,2026-08-21,2026-09-06,15,16,,진행중,https://job.alio.go.kr/recruitview.do?idx=304142,2026-08-21,2026-08-21
304141,경인권역재활병원 비정규직(기간제) 물리치료사 채용 공고(2026.10.1.임용),대한적십자사,인천,비정규직,2026-08-21,2026-09-06,15,16,,진행중,https://job.alio.go.kr/recruitview.do?idx=304141,2026-08-21,2026-08-21
304140,경인권역재활병원 비정규직(기간제) 간호조무사 채용 공고(2026.10.1.임용),대한적십자사,인천,비정규직,2026-08-21,2026-09-06,15,16,,진행중,https://job.alio.go.kr/recruitview.do?idx=304140,2026-08-21,2026-08-21
304139,경인권역재활병원 정규직 간호사 채용 공고(2026.10.1.임용),대한적십자사,인천,정규직,2026-08-21,2026-09-06,15,16,,진행중,https://job.alio.go.kr/recruitview.do?idx=304139,2026-08-21,2026-08-21
304137,"[대한체육회] 4차 계약직 직원 공개채용(사무행정, 조리사, 간호사)",대한체육회,서울 외 2,비정규직,2026-08-21,2026-09-04,13,14,,진행중,https://job.alio.go.kr/recruitview.do?idx=304137,2026-08-21,2026-08-21
304136,[광주보훈병원] 계약직 기능직(행정) - 휴직대체 직원 채용 공고,한국보훈복지의료공단,전남광주,비정규직,2026-08-21,2026-08-31,9,10,,진행중,https://job.alio.go.kr/recruitview.do?idx=304136,2026-08-21,2026-08-21
304135,[광주보훈병원] 계약직 업무지원직(고객지원_간병지원) - 휴직대체 직원 채용 공고,한국보훈복지의료공단,전남광주,비정규직,2026-08-21,2026-08-31,9,10,,진행중,https://job.alio.go.kr/recruitview.do?idx=304135,2026-08-21,2026-08-21
304134,"2026년 8월 제3차 임시직원 모집 공고(원무(기계설비), 별정(임상배아))",경북대학교병원,대구,비정규직,2026-08-21,2026-08-26,4,5,,진행중,https://job.alio.go.kr/recruitview.do?idx=304134,2026-08-21,2026-08-21
304124,2026년 국가유산진흥원 하반기 직원 채용,국가유산진흥원,서울 외 4,무기계약직 외 3,2026-08-21,2026-09-04,13,14,,진행중,https://job.alio.go.kr/recruitview.do?idx=304124,2026-08-21,2026-08-21
304126,[정선병원] 의료직(간호사) 6급 직원 채용 공고,근로복지공단,강원,정규직,2026-08-21,2026-08-31,9,10,,진행중,https://job.alio.go.kr/recruitview.do?idx=304126,2026-08-21,2026-08-21
304127,국립공원공단 기간제(사무행정) 직원 채용,국립공원공단,강원,비정규직,2026-08-21,2026-09-04,13,14,,진행중,https://job.alio.go.kr/recruitview.do?idx=304127,2026-08-21,2026-08-21
304128,[정선병원] 청년(체험형)인턴 일반전형 채용 공고,근로복지공단,강원,청년인턴(체험형),2026-08-21,2026-08-31,9,10,,진행중,https://job.alio.go.kr/recruitview.do?idx=304128,2026-08-21,2026-08-21
304129,"우체국물류지원단 경인지사 부천,안양사업소 기간제(운전직) 채용 공고",(재)우체국물류지원단,경기,비정규직,2026-08-21,2026-08-27,5,6,,진행중,https://job.alio.go.kr/recruitview.do?idx=304129,2026-08-21,2026-08-21
304130,"[세종] 2026년 8월 비정규직(계약직, 업무지원계약직) 직원 채용공고",충남대학교병원,세종,비정규직,2026-08-21,2026-09-04,13,14,,진행중,https://job.alio.go.kr/recruitview.do?idx=304130,2026-08-21,2026-08-21
304131,[한국환경연구원] 임시직(환경경제) 채용공고(기후대기전략연구본부 대체인력)(0821),한국환경연구원,세종,비정규직,2026-08-21,2026-09-07,16,17,,진행중,https://job.alio.go.kr/recruitview.do?idx=304131,2026-08-21,2026-08-21
304132,[한국수자원공사] 청주권지사 단기계약근로자(기술관리 설비운영_배출수 처리시설) 채용 공고(육아휴직 대체인력),한국수자원공사,충북,비정규직,2026-08-21,2026-09-04,13,14,,진행중,https://job.alio.go.kr/recruitview.do?idx=304132,2026-08-21,2026-08-21
304133,[한국수자원공사] 청주권지사 단기계약근로자(사무관리_국유재산 관리) 채용 공고,한국수자원공사,충북,비정규직,2026-08-21,2026-09-04,13,14,,진행중,https://job.alio.go.kr/recruitview.do?idx=304133,2026-08-21,2026-08-21
304117,[제2026-92호]2026년도 제5차 제주특별자치도장애아동·발달장애인지원센터 (장애아동지원팀) 기간제 계약직 채용 공고,한국장애인개발원,제주,비정규직,2026-08-24,2026-09-07,14,15,,진행중,https://job.alio.go.kr/recruitview.do?idx=304117,2026-08-23,2026-08-23
304058,한국토지주택공사 대구경북지역본부 기간제근로자(전세사기 피해자 지원 업무보조 외) 채용공고(2026-06),한국토지주택공사,대구 외 1,비정규직,2026-08-24,2026-09-07,14,15,,진행중,https://job.alio.go.kr/recruitview.do?idx=304058,2026-08-23,2026-08-23
304101,한국폴리텍대학 남대구캠퍼스 업무직(대학운영직_조리원) 채용(4차) 공고,학교법인한국폴리텍,대구,무기계약직,2026-08-24,2026-08-31,7,8,,진행중,https://job.alio.go.kr/recruitview.do?idx=304101,2026-08-23,2026-08-23
304072,"대한법률구조공단 주택 및 상가건물임대차분쟁조정위원회 사무국장(상임위원, 광주) 신규채용 공고",대한법률구조공단,전남광주,비정규직,2026-08-24,2026-09-08,15,16,,진행중,https://job.alio.go.kr/recruitview.do?idx=304072,2026-08-23,2026-08-23
304115,한전KDN(주) 광주전남본부 전력통신분야 비정규직 모집공고,한전KDN,전남광주,비정규직,2026-08-24,2026-09-07,14,15,,진행중,https://job.alio.go.kr/recruitview.do?idx=304115,2026-08-23,2026-08-23
304114,한전KDN(주) 광주전남본부 AMI분야 비정규직 모집공고,한전KDN,전남광주,비정규직,2026-08-24,2026-09-07,14,15,,진행중,https://job.alio.go.kr/recruitview.do?idx=304114,2026-08-23,2026-08-23
304111,한전KDN(주) 대구본부 포항지사 AMI분야 작업원 모집공고,한전KDN,대구 외 1,비정규직,2026-08-24,2026-09-07,14,15,,진행중,https://job.alio.go.kr/recruitview.do?idx=304111,2026-08-23,2026-08-23
304125,2026년 준법경영실 기간제근로자(사내변호사) 채용,한국수력원자력(주),서울,비정규직,2026-08-24,2026-09-08,15,16,,진행중,https://job.alio.go.kr/recruitview.do?idx=304125,2026-08-23,2026-08-23
304107,2026년 제1차 한국농업기술진흥원 경북 상주 스마트팜 실증단지 일반계약직 채용 공고,한국농업기술진흥원,경북,비정규직,2026-08-24,2026-09-03,10,11,,진행중,https://job.alio.go.kr/recruitview.do?idx=304107,2026-08-23,2026-08-23
304160,한국국제보건의료재단 [2026-3호] 직원채용,한국국제보건의료재단,서울 외 1,비정규직 외 2,2026-08-25,2026-09-08,14,15,,진행중,https://job.alio.go.kr/recruitview.do?idx=304160,2026-08-24,2026-08-24
303991,한국물기술인증원 2026년 제5차 기간제근로자 채용 공고,한국물기술인증원,대구,비정규직 외 1,2026-08-25,2026-08-31,6,7,,진행중,https://job.alio.go.kr/recruitview.do?idx=303991,2026-08-24,2026-08-24
304206,"[부산보훈병원] 전문의(영상의학과, 치과) 긴급채용공고",한국보훈복지의료공단,부산,비정규직,2026-08-25,2026-09-04,10,11,,진행중,https://job.alio.go.kr/recruitview.do?idx=304206,2026-08-24,2026-08-24
304205,[부산보훈병원] 청년인턴(체험형-일반) 긴급채용공고,한국보훈복지의료공단,부산,청년인턴(체험형),2026-08-25,2026-09-04,10,11,,진행중,https://job.alio.go.kr/recruitview.do?idx=304205,2026-08-24,2026-08-24
304204,[부산보훈병원] 업무지원직(급식) 긴급채용공고,한국보훈복지의료공단,부산,무기계약직,2026-08-25,2026-09-04,10,11,,진행중,https://job.alio.go.kr/recruitview.do?idx=304204,2026-08-24,2026-08-24
304203,"[부산보훈병원] 계약직(청능사, 행정, 약무보조) 긴급채용공고",한국보훈복지의료공단,부산,비정규직,2026-08-25,2026-09-04,10,11,,진행중,https://job.alio.go.kr/recruitview.do?idx=304203,2026-08-24,2026-08-24
304113,한전KDN(주) 목포지사 AMI분야 비정규직 모집공고,한전KDN,전남광주,비정규직,2026-08-25,2026-09-08,14,15,,진행중,https://job.alio.go.kr/recruitview.do?idx=304113,2026-08-24,2026-08-24
304159,한전KPS(주)새울1사업처 경상 사무보조단기노무원 채용공고,한전KPS(주),울산,비정규직,2026-08-25,2026-09-01,7,8,,진행중,https://job.alio.go.kr/recruitview.do?idx=304159,2026-08-24,2026-08-24
304174,한전KDN(주) 강원사업처 AMI분야 비정규직(장애인) 모집공고,한전KDN,강원,비정규직,2026-08-25,2026-09-08,14,15,,진행중,https://job.alio.go.kr/recruitview.do?idx=304174,2026-08-24,2026-08-24
304157,"한국환경공단 수도권동부환경본부 환경시설관리처 기간제 근로자(촉탁직, 일용직) 채용 공고",한국환경공단,경기 외 1,비정규직,2026-08-24,2026-09-07,13,14,,진행중,https://job.alio.go.kr/recruitview.do?idx=304157,2026-08-24,2026-08-24
304158,한전KDN(주) 부산본부 미터링사업팀 AMI 일괄위탁 작업원 모집공고(26-7차),한전KDN,부산,비정규직,2026-08-24,2026-09-07,13,14,,진행중,https://job.alio.go.kr/recruitview.do?idx=304158,2026-08-24,2026-08-24
304208,[제2026-93호] 2026년도 제7차 강원특별자치도장애아동·발달장애인지원센터 기간제 계약직 채용 공고,한국장애인개발원,강원,비정규직,2026-08-24,2026-09-07,13,14,,진행중,https://job.alio.go.kr/recruitview.do?idx=304208,2026-08-24,2026-08-24
304161,2026년 제1차(재공고) 한국청소년활동진흥원 개방형 직위 채용 공고,한국청소년활동진흥원,전남광주,비정규직,2026-08-24,2026-09-08,14,15,,진행중,https://job.alio.go.kr/recruitview.do?idx=304161,2026-08-24,2026-08-24
304162,[대전] 2026년 8월 충남대학교병원 원무직(취사) 공개채용 공고,충남대학교병원,대전,정규직,2026-08-24,2026-09-07,13,14,,진행중,https://job.alio.go.kr/recruitview.do?idx=304162,2026-08-24,2026-08-24
304163,"[한국장애인고용공단 대구지역본부, 경북지사] 기간제 대체근로자(체험형 청년인턴) 채용 공고",한국장애인고용공단,대구 외 1,비정규직 외 1,2026-08-24,2026-09-02,8,9,,진행중,https://job.alio.go.kr/recruitview.do?idx=304163,2026-08-24,2026-08-24
304164,2026년 제2차 한국청소년활동진흥원 개방형 직위 채용 공고,한국청소년활동진흥원,경북 외 1,비정규직,2026-08-24,2026-09-08,14,15,,진행중,https://job.alio.go.kr/recruitview.do?idx=304164,2026-08-24,2026-08-24
304166,"[대전] 2026년 8월 계약직(장애인) 수납안내, 검진보조, 주차통제 채용공고",충남대학교병원,대전,비정규직,2026-08-24,2026-09-07,13,14,,진행중,https://job.alio.go.kr/recruitview.do?idx=304166,2026-08-24,2026-08-24
304167,2026년 국립생태원 신규직원 채용 공고,국립생태원,충남 외 2,무기계약직 외 2,2026-08-24,2026-09-09,15,16,,진행중,https://job.alio.go.kr/recruitview.do?idx=304167,2026-08-24,2026-08-24
304168,[동해병원] 기간제 의사(진단검사의학과 또는 병리과) 채용 공고,근로복지공단,강원,비정규직,2026-08-24,2026-08-31,6,7,,진행중,https://job.alio.go.kr/recruitview.do?idx=304168,2026-08-24,2026-08-24
304156,[광주보훈요양원] 2026년 제2차 정규직 사회복지직5급(간호사) 직원 채용 공고,한국보훈복지의료공단,전남광주,정규직,2026-08-24,2026-09-07,13,14,,진행중,https://job.alio.go.kr/recruitview.do?idx=304156,2026-08-24,2026-08-24
304155,2026년 공무직(부산촬영소 경비) 공개채용 공고,영화진흥위원회,부산,무기계약직,2026-08-24,2026-09-08,14,15,,진행중,https://job.alio.go.kr/recruitview.do?idx=304155,2026-08-24,2026-08-24
304154,국립암센터 부속병원 호흡기내과 임상스텝전문의 초빙공고,국립암센터,경기,비정규직,2026-08-24,2026-09-08,14,15,,진행중,https://job.alio.go.kr/recruitview.do?idx=304154,2026-08-24,2026-08-24
304153,국립암센터 부속병원 당직전담의사 초빙공고,국립암센터,경기,비정규직,2026-08-24,2026-09-08,14,15,,진행중,https://job.alio.go.kr/recruitview.do?idx=304153,2026-08-24,2026-08-24
304152,국립암센터 부속병원 입원전담전문의(내과) 초빙 공고,국립암센터,경기,비정규직,2026-08-24,2026-09-08,14,15,,진행중,https://job.alio.go.kr/recruitview.do?idx=304152,2026-08-24,2026-08-24
304151,2026년 공무직(부산촬영소 미화) 공개채용 공고,영화진흥위원회,부산,무기계약직,2026-08-24,2026-09-08,14,15,,진행중,https://job.alio.go.kr/recruitview.do?idx=304151,2026-08-24,2026-08-24
304150,한전KPS(주) 서울경기전력지사 양주지점 단기노무원(벌목공) 모집,한전KPS(주),경기,비정규직,2026-08-24,2026-08-26,1,2,Y,진행중,https://job.alio.go.kr/recruitview.do?idx=304150,2026-08-24,2026-08-24
304169,[동해병원] 기간제 의사(응급실전담의) 채용 공고,근로복지공단,강원,비정규직,2026-08-24,2026-08-31,6,7,,진행중,https://job.alio.go.kr/recruitview.do?idx=304169,2026-08-24,2026-08-24
304196,"2026년 우체국물류지원단 제한경쟁채용(체험형 인턴, 다문화가정) 공고",(재)우체국물류지원단,서울 외 1,비정규직,2026-08-24,2026-09-07,13,14,,진행중,https://job.alio.go.kr/recruitview.do?idx=304196,2026-08-24,2026-08-24
304197,"분당서울대학교병원 직원(계약사무직, 계약간호직, 계약보건직) 채용공고",분당서울대학교병원,경기,비정규직,2026-08-24,2026-09-02,8,9,,진행중,https://job.alio.go.kr/recruitview.do?idx=304197,2026-08-24,2026-08-24
304198,"2026년 우체국물류지원단 제한경쟁채용(체험형인턴, 자립준비청년) 공고",(재)우체국물류지원단,서울 외 1,비정규직,2026-08-24,2026-09-07,13,14,,진행중,https://job.alio.go.kr/recruitview.do?idx=304198,2026-08-24,2026-08-24
304199,분당서울대학교병원 직원(계약전문연구요원) 채용공고,분당서울대학교병원,경기,비정규직,2026-08-24,2026-09-02,8,9,,진행중,https://job.alio.go.kr/recruitview.do?idx=304199,2026-08-24,2026-08-24
304200,분당서울대학교병원 단시간일반직 채용공고,분당서울대학교병원,경기,비정규직,2026-08-24,2026-09-02,8,9,,진행중,https://job.alio.go.kr/recruitview.do?idx=304200,2026-08-24,2026-08-24
304201,분당서울대학교병원 단시간업무지원직 채용공고,분당서울대학교병원,경기,비정규직,2026-08-24,2026-09-02,8,9,,진행중,https://job.alio.go.kr/recruitview.do?idx=304201,2026-08-24,2026-08-24
304202,분당서울대학교병원 단시간일반직(선임급연구원) 채용공고,분당서울대학교병원,경기,비정규직,2026-08-24,2026-09-02,8,9,,진행중,https://job.alio.go.kr/recruitview.do?idx=304202,2026-08-24,2026-08-24
304195,"2026년 우체국물류지원단 제한경쟁채용(발착공무직, 북한이탈주민) 공고",(재)우체국물류지원단,서울 외 2,무기계약직,2026-08-24,2026-09-07,13,14,,진행중,https://job.alio.go.kr/recruitview.do?idx=304195,2026-08-24,2026-08-24
304207,[팔공산동부] 2026년 팔공산국립공원동부사무소 한시인력(환경관리) 직원 채용(2차),국립공원공단,대구,비정규직,2026-08-24,2026-09-07,13,14,,진행중,https://job.alio.go.kr/recruitview.do?idx=304207,2026-08-24,2026-08-24
304194,2026년 3분기 계약직원(연구사업관리전문가(PD)) 채용 공고,한국보건산업진흥원,충북,비정규직,2026-08-24,2026-09-07,13,14,,진행중,https://job.alio.go.kr/recruitview.do?idx=304194,2026-08-24,2026-08-24
304192,2026년 한국산업기술시험원 정규직 채용 공고,한국산업기술시험원,서울 외 6,무기계약직 외 2,2026-08-24,2026-09-08,14,15,,진행중,https://job.alio.go.kr/recruitview.do?idx=304192,2026-08-24,2026-08-24
304191,"2026년 우체국물류지원단 제한경쟁채용(발착공무직, 취업지원대상자 보훈) 공고",(재)우체국물류지원단,서울 외 2,무기계약직,2026-08-24,2026-09-07,13,14,,진행중,https://job.alio.go.kr/recruitview.do?idx=304191,2026-08-24,2026-08-24
304190,2026년 3분기 계약직원(용역사업) 채용 공고,한국보건산업진흥원,서울,비정규직,2026-08-24,2026-09-07,13,14,,진행중,https://job.alio.go.kr/recruitview.do?idx=304190,2026-08-24,2026-08-24
304189,[한국환경연구원] 2026년 제13차 인턴직 채용공고,한국환경연구원,세종,청년인턴(체험형),2026-08-24,2026-09-08,14,15,,진행중,https://job.alio.go.kr/recruitview.do?idx=304189,2026-08-24,2026-08-24
304188,2026년 3분기 계약직원(휴직대체 등) 채용 공고,한국보건산업진흥원,충북,비정규직 외 1,2026-08-24,2026-09-07,13,14,,진행중,https://job.alio.go.kr/recruitview.do?idx=304188,2026-08-24,2026-08-24
304171,한전KPS(주)울산사업소 단기노무원 모집(1차),한전KPS(주),울산,비정규직,2026-08-24,2026-08-27,2,3,Y,진행중,https://job.alio.go.kr/recruitview.do?idx=304171,2026-08-24,2026-08-24
304172,2026년 독립기념관 개방형직위(사무처장) 채용공고,독립기념관,충남,정규직,2026-08-24,2026-09-08,14,15,,진행중,https://job.alio.go.kr/recruitview.do?idx=304172,2026-08-24,2026-08-24
304173,한국도로공사 원주지사 기간제근로자(운전원) 채용공고,한국도로공사,강원,비정규직,2026-08-24,2026-08-31,6,7,,진행중,https://job.alio.go.kr/recruitview.do?idx=304173,2026-08-24,2026-08-24
304175,한국원자력의학원 정규직 직원 채용(이비인후과),한국원자력의학원,서울,정규직,2026-08-24,2026-09-08,14,15,,진행중,https://job.alio.go.kr/recruitview.do?idx=304175,2026-08-24,2026-08-24
304176,한국도로공사 창녕지사 기간제근로자(안전순찰원) 채용공고,한국도로공사,경남,비정규직,2026-08-24,2026-08-31,6,7,,진행중,https://job.alio.go.kr/recruitview.do?idx=304176,2026-08-24,2026-08-24
304177,한국도로공사 진주지사 기간제근로자(안전순찰원) 채용공고,한국도로공사,경남,비정규직,2026-08-24,2026-08-31,6,7,,진행중,https://job.alio.go.kr/recruitview.do?idx=304177,2026-08-24,2026-08-24
304178,2026년 하반기 신규직원(채용형인턴) 채용 공고,한국보건산업진흥원,충북,청년인턴(채용형),2026-08-24,2026-09-07,13,14,,진행중,https://job.alio.go.kr/recruitview.do?idx=304178,2026-08-24,2026-08-24
304179,한전KDN(주) 원전인프라부 프로젝트계약근로자 채용공고,한전KDN,대전 외 1,비정규직,2026-08-24,2026-09-07,13,14,,진행중,https://job.alio.go.kr/recruitview.do?idx=304179,2026-08-24,2026-08-24
304181,한전KPS(주) 대구사업소 단기노무원 채용 3차('26년도 대구 열병합발전시설 정기점검보수공사),한전KPS(주),대구,비정규직,2026-08-24,2026-08-26,1,2,Y,진행중,https://job.alio.go.kr/recruitview.do?idx=304181,2026-08-24,2026-08-24
304182,한국폴리텍대학 성남캠퍼스 업무직(대학운영직_조리사 및 조리원) 채용 공고,학교법인한국폴리텍,경기,무기계약직,2026-08-24,2026-09-03,9,10,,진행중,https://job.alio.go.kr/recruitview.do?idx=304182,2026-08-24,2026-08-24
304184,[동탄26-3] 2026년도 동탄 정기점검보수공사 일용노무원 채용공고(동탄),한전KPS(주),경기,비정규직,2026-08-24,2026-08-26,1,2,Y,진행중,https://job.alio.go.kr/recruitview.do?idx=304184,2026-08-24,2026-08-24
304185,[한국폴리텍대학 성남캠퍼스] 2026년도 체험형 청년인턴 제한경쟁[장애] 채용 공고,학교법인한국폴리텍,경기,청년인턴(체험형),2026-08-24,2026-09-03,9,10,,진행중,https://job.alio.go.kr/recruitview.do?idx=304185,2026-08-24,2026-08-24
304186,한국과학기술기획평가원 제2026-4회 위촉연구직 공개채용,한국과학기술기획평가원,충북,비정규직,2026-08-24,2026-09-08,14,15,,진행중,https://job.alio.go.kr/recruitview.do?idx=304186,2026-08-24,2026-08-24
304301,[울산병원] 공무직(조리사) 채용 공고,근로복지공단,울산,무기계약직,2026-08-27,2026-09-03,6,7,,진행중,https://job.alio.go.kr/recruitview.do?idx=304301,2026-08-27,2026-08-27
304268,2026년 새만금개발공사 수시채용,새만금개발공사,전북,정규직,2026-08-27,2026-09-11,14,15,,진행중,https://job.alio.go.kr/recruitview.do?idx=304268,2026-08-27,2026-08-27
304252,한국토지주택공사 사내변호사 채용 공고,한국토지주택공사,경기 외 1,비정규직,2026-08-27,2026-09-11,14,15,,진행중,https://job.alio.go.kr/recruitview.do?idx=304252,2026-08-27,2026-08-27
304277,한전KPS(주)강원충북전력지사 단기노무원(신청주지점 상주감시) 채용 공고 (22차),한전KPS(주),충북,비정규직,2026-08-27,2026-08-31,3,4,,진행중,https://job.alio.go.kr/recruitview.do?idx=304277,2026-08-27,2026-08-27
304279,한국방송통신전파진흥원 경력·신입 직원 채용 공고,한국방송통신전파진흥원,대구 외 2,무기계약직 외 1,2026-08-27,2026-09-10,13,14,,진행중,https://job.alio.go.kr/recruitview.do?idx=304279,2026-08-27,2026-08-27
304281,한국방송통신전파진흥원 휴직 대체인력(대체인력뱅크) 채용 공고,한국방송통신전파진흥원,전남광주,비정규직,2026-08-27,2026-09-10,13,14,,진행중,https://job.alio.go.kr/recruitview.do?idx=304281,2026-08-27,2026-08-27
304282,한국방송통신전파진흥원 체험형 청년인턴 채용 공고,한국방송통신전파진흥원,전남광주,청년인턴(체험형),2026-08-27,2026-09-10,13,14,,진행중,https://job.alio.go.kr/recruitview.do?idx=304282,2026-08-27,2026-08-27
304287,분당서울대학교병원 신입(사무직) 직원 채용공고,분당서울대학교병원,경기,정규직,2026-08-27,2026-09-07,10,11,,진행중,https://job.alio.go.kr/recruitview.do?idx=304287,2026-08-27,2026-08-27
304229,2026년 한국법무보호복지공단 경기남부지부 보호직(육아휴직대체직) 공개경쟁채용시험 공고,한국법무보호복지공단,경기,비정규직,2026-08-27,2026-09-11,14,15,,진행중,https://job.alio.go.kr/recruitview.do?idx=304229,2026-08-27,2026-08-27
304228,한국폴리텍대학 대전캠퍼스 업무직(대학운영직_조리원) 채용 재공고(2차),학교법인한국폴리텍,대전,무기계약직,2026-08-27,2026-09-07,10,11,,진행중,https://job.alio.go.kr/recruitview.do?idx=304228,2026-08-27,2026-08-27
304227,한국폴리텍대학 대전캠퍼스 청년인턴(장애) 채용 재공고,학교법인한국폴리텍,대전,청년인턴(체험형),2026-08-27,2026-09-07,10,11,,진행중,https://job.alio.go.kr/recruitview.do?idx=304227,2026-08-27,2026-08-27
304219,2026년 제1차 국립생태원 기간제근로자(육아휴직 대체) 채용 공고,국립생태원,충남 외 3,비정규직,2026-08-27,2026-09-11,14,15,,진행중,https://job.alio.go.kr/recruitview.do?idx=304219,2026-08-27,2026-08-27
304300,국립호남권생물자원관 기간제근로자(육아휴직 대체) 채용공고,국립호남권생물자원관,전남광주,비정규직,2026-08-27,2026-09-11,14,15,,진행중,https://job.alio.go.kr/recruitview.do?idx=304300,2026-08-27,2026-08-27
304299,[본사] 한국보훈복지의료공단 대전보훈병원장(별정직) 공개모집 공고,한국보훈복지의료공단,대전,정규직,2026-08-27,2026-09-10,13,14,,진행중,https://job.alio.go.kr/recruitview.do?idx=304299,2026-08-27,2026-08-27
304261,[북한산] 2026년 북한산국립공원사무소 국립공원지킴이 모집 공고(5차),국립공원공단,서울 외 1,비정규직,2026-08-26,2026-09-09,12,13,,진행중,https://job.alio.go.kr/recruitview.do?idx=304261,2026-08-27,2026-08-27
304259,"[한국수자원공사] 금강경영처 단기계약근로자(사무관리_서무보조, 비서 등) 채용 공고(육아휴직 대체인력)",한국수자원공사,전북,비정규직,2026-08-26,2026-09-09,12,13,,진행중,https://job.alio.go.kr/recruitview.do?idx=304259,2026-08-27,2026-08-27
304258,"우체국물류지원단 광주지사 전주, 영암사업소 기간제(운전직, 연차자대체) 채용 공고",(재)우체국물류지원단,전북 외 1,비정규직,2026-08-26,2026-09-01,4,5,,진행중,https://job.alio.go.kr/recruitview.do?idx=304258,2026-08-27,2026-08-27
304257,충북대학교병원 계약직의사 채용 공고,충북대학교병원,충북,비정규직,2026-08-26,2026-09-09,12,13,,진행중,https://job.alio.go.kr/recruitview.do?idx=304257,2026-08-27,2026-08-27
304256,2026년 한국해양수산개발원 제1차 공무직(안전관리자) 채용,한국해양수산개발원,부산,무기계약직,2026-08-26,2026-09-15,18,19,,진행중,https://job.alio.go.kr/recruitview.do?idx=304256,2026-08-27,2026-08-27
304255,2026년 한국해양수산개발원 제3차 정규직 연구직(석사) 채용 공고,한국해양수산개발원,부산,정규직,2026-08-26,2026-09-15,18,19,,진행중,https://job.alio.go.kr/recruitview.do?idx=304255,2026-08-27,2026-08-27
304254,2026년 한국해양수산개발원 제3차 정규직 연구직(박사) 채용 공고,한국해양수산개발원,부산,정규직,2026-08-26,2026-09-15,18,19,,진행중,https://job.alio.go.kr/recruitview.do?idx=304254,2026-08-27,2026-08-27
304253,충북대학교병원 공공임상교수요원 채용 공고,충북대학교병원,충북,정규직,2026-08-26,2026-09-09,12,13,,진행중,https://job.alio.go.kr/recruitview.do?idx=304253,2026-08-27,2026-08-27
304251,[세종] 2026년 약무직 직원 모집공고,충남대학교병원,세종,정규직,2026-08-26,2026-09-09,12,13,,진행중,https://job.alio.go.kr/recruitview.do?idx=304251,2026-08-27,2026-08-27
304250,한국폴리텍대학 서울강서캠퍼스 2026년 청년인턴 제한경쟁(장애인) 채용 재공고,학교법인한국폴리텍,서울,청년인턴(체험형),2026-08-26,2026-09-08,11,12,,진행중,https://job.alio.go.kr/recruitview.do?idx=304250,2026-08-27,2026-08-27
304103,제2026-5회 기초과학연구원 지하실험연구단 연구위원 채용 공고,기초과학연구원,대전,비정규직,2026-08-26,2026-09-30,33,34,,진행중,https://job.alio.go.kr/recruitview.do?idx=304103,2026-08-27,2026-08-27
304249,칠곡경북대학교병원 2026년 8월 5차 임시직원 채용공고(시설기술(건축)),경북대학교병원,대구,비정규직,2026-08-26,2026-08-31,3,4,,진행중,https://job.alio.go.kr/recruitview.do?idx=304249,2026-08-27,2026-08-27
304165,2026년도 계약직의사 상시모집(7차) 공개채용 모집 공고,부산대학교병원,경남,비정규직,2026-08-26,2026-12-31,125,126,,진행중,https://job.alio.go.kr/recruitview.do?idx=304165,2026-08-27,2026-08-27
304238,2026 제2차 대구경북첨단의료산업진흥재단 직원 채용공고(연구직),대구경북첨단의료산업진흥재단,대구,정규직,2026-08-26,2026-09-09,12,13,,진행중,https://job.alio.go.kr/recruitview.do?idx=304238,2026-08-27,2026-08-27
304180,2026년도 혈장분획센터 비정규직(육아휴직대체 / 연구원) 채용 공고,대한적십자사,충북,비정규직,2026-08-26,2026-09-10,13,14,,진행중,https://job.alio.go.kr/recruitview.do?idx=304180,2026-08-27,2026-08-27
304183,2026년도 제3차 신규직원 채용 공고,한국에너지기술평가원,서울,비정규직 외 1,2026-08-26,2026-09-11,14,15,,진행중,https://job.alio.go.kr/recruitview.do?idx=304183,2026-08-27,2026-08-27
304236,한전KPS(주)강원충북전력지사 단기노무원(강릉지점 송전업무정비보조) 채용 공고 (21차),한전KPS(주),강원,비정규직,2026-08-26,2026-08-28,,1,Y,진행중,https://job.alio.go.kr/recruitview.do?idx=304236,2026-08-27,2026-08-27
304235,한전KPS(주)강원충북전력지사 단기노무원(동해지점 상주감시) 채용 공고 (20차),한전KPS(주),강원,비정규직,2026-08-26,2026-08-28,,1,Y,진행중,https://job.alio.go.kr/recruitview.do?idx=304235,2026-08-27,2026-08-27
304233,2026년 대한민국 남극과학기지 월동연구대 채용 재공고(기계설비 분야),극지연구소,해외,비정규직,2026-08-26,2026-09-09,12,13,,진행중,https://job.alio.go.kr/recruitview.do?idx=304233,2026-08-27,2026-08-27
304230,2026년 하반기 중소벤처기업진흥공단 일반직(신입·경력) 채용 공고,중소벤처기업진흥공단,서울 외 16,정규직,2026-08-26,2026-09-10,13,14,,진행중,https://job.alio.go.kr/recruitview.do?idx=304230,2026-08-27,2026-08-27
304193,2026년도 제2차 에너지기술 R&D PD(Program Director) 초빙 공고,한국에너지기술평가원,서울,비정규직,2026-08-26,2026-09-10,13,14,,진행중,https://job.alio.go.kr/recruitview.do?idx=304193,2026-08-27,2026-08-27
304210,2026년도 한국농업기술진흥원 종묘사업팀 제2차 기간제 근로자(일반계약직) 채용 공고,한국농업기술진흥원,전북,비정규직,2026-08-26,2026-09-08,11,12,,진행중,https://job.alio.go.kr/recruitview.do?idx=304210,2026-08-27,2026-08-27
304262,[다도해해상]2026년 다도해해상 국립공원지킴이(한시인력/녹색순찰대) 직원 채용(4차),국립공원공단,전남광주,비정규직,2026-08-26,2026-09-07,10,11,,진행중,https://job.alio.go.kr/recruitview.do?idx=304262,2026-08-27,2026-08-27
304263,"2026년 8월 제4차 임시직원 모집 공고(의료기술(임상병리사), 운영지원(주차관리))",경북대학교병원,대구,비정규직,2026-08-26,2026-08-31,3,4,,진행중,https://job.alio.go.kr/recruitview.do?idx=304263,2026-08-27,2026-08-27
304264,채용형 인턴 채용공고(주택관리공단 강원지사),주택관리공단(주),강원,청년인턴(채용형),2026-08-26,2026-09-02,5,6,,진행중,https://job.alio.go.kr/recruitview.do?idx=304264,2026-08-27,2026-08-27
304298,(수정) 한국항공우주연구원 2026년도 하반기 정규직 채용공고,한국항공우주연구원,대전,정규직,2026-08-26,2026-09-10,13,14,,진행중,https://job.alio.go.kr/recruitview.do?idx=304298,2026-08-27,2026-08-27
304290,계약직 채용공고,경상국립대학교병원,경남,비정규직,2026-08-26,2026-09-01,4,5,,진행중,https://job.alio.go.kr/recruitview.do?idx=304290,2026-08-27,2026-08-27
304289,[대구보훈요양원] 2026년 계약직 물리치료사(복지기능직) 공개채용 공고,한국보훈복지의료공단,대구,비정규직,2026-08-26,2026-09-09,12,13,,진행중,https://job.alio.go.kr/recruitview.do?idx=304289,2026-08-27,2026-08-27
304288,[대구보훈요양원] 2026년 제3차 업무지원직(청소) 공개채용 공고,한국보훈복지의료공단,대구,무기계약직,2026-08-26,2026-09-09,12,13,,진행중,https://job.alio.go.kr/recruitview.do?idx=304288,2026-08-27,2026-08-27
304286,[대구보훈요양원] 2026년 제6차 정규직 요양보호직 공개채용 공고,한국보훈복지의료공단,대구,정규직,2026-08-26,2026-09-09,12,13,,진행중,https://job.alio.go.kr/recruitview.do?idx=304286,2026-08-27,2026-08-27
304292,단시간제(편의시설 점원) 채용공고,경상국립대학교병원,경남,비정규직,2026-08-26,2026-09-01,4,5,,진행중,https://job.alio.go.kr/recruitview.do?idx=304292,2026-08-27,2026-08-27
304285,2026년 한국노인인력개발원 3분기 기간제 근로자(홍보) 채용 공고,한국노인인력개발원,경기,비정규직,2026-08-26,2026-09-09,12,13,,진행중,https://job.alio.go.kr/recruitview.do?idx=304285,2026-08-27,2026-08-27
304284,2026년 한국노인인력개발원 3분기 기간제 근로자(전산) 채용 공고,한국노인인력개발원,경기,비정규직,2026-08-26,2026-09-09,12,13,,진행중,https://job.alio.go.kr/recruitview.do?idx=304284,2026-08-27,2026-08-27
304283,한국철도공사 2026년 기간제근로자(운전담당원) 채용공고,한국철도공사,서울 외 2,비정규직,2026-08-26,2026-09-09,12,13,,진행중,https://job.alio.go.kr/recruitview.do?idx=304283,2026-08-27,2026-08-27
304280,2026년 제14차 청년인턴(진료지원-치과위생사/구강악안면외과) 채용 공고,경북대학교치과병원,대구,청년인턴(체험형),2026-08-26,2026-09-02,5,6,,진행중,https://job.alio.go.kr/recruitview.do?idx=304280,2026-08-27,2026-08-27
304291,장애인근로자 채용공고,경상국립대학교병원,경남,비정규직,2026-08-26,2026-09-01,4,5,,진행중,https://job.alio.go.kr/recruitview.do?idx=304291,2026-08-27,2026-08-27
304293,[대전] 충남대학교병원 2026년 9월 공무직 직원 채용공고,충남대학교병원,대전,무기계약직,2026-08-26,2026-09-09,12,13,,진행중,https://job.alio.go.kr/recruitview.do?idx=304293,2026-08-27,2026-08-27
304294,[대전] 충남대학교병원 2026년 9월 계약직 직원 채용공고,충남대학교병원,대전,비정규직,2026-08-26,2026-09-09,12,13,,진행중,https://job.alio.go.kr/recruitview.do?idx=304294,2026-08-27,2026-08-27
304295,[대전] 충남대학교병원 2026년 9월 업무지원계약직 직원 채용공고,충남대학교병원,대전,비정규직,2026-08-26,2026-09-09,12,13,,진행중,https://job.alio.go.kr/recruitview.do?idx=304295,2026-08-27,2026-08-27
304278,2026년 제2차 한국원산지정보원 직원 채용 공고,한국원산지정보원,서울 외 2,정규직,2026-08-26,2026-09-10,13,14,,진행중,https://job.alio.go.kr/recruitview.do?idx=304278,2026-08-27,2026-08-27
304296,[대전] 충남대학교병원 2026년 9월 보조금직원 채용공고,충남대학교병원,대전,비정규직,2026-08-26,2026-09-09,12,13,,진행중,https://job.alio.go.kr/recruitview.do?idx=304296,2026-08-27,2026-08-27
304266,"기간제근로자(대체인력) 채용공고 [대전세종충남본부, 서대전지사, 공주청양지사]",한국전력공사,대전 외 1,비정규직,2026-08-26,2026-09-09,12,13,,진행중,https://job.alio.go.kr/recruitview.do?idx=304266,2026-08-27,2026-08-27
304267,한국동서발전(주) 2026년 사회형평 신입직원(대졸수준(보훈/장애)) 선발,한국동서발전(주),울산 외 6,정규직,2026-08-26,2026-09-09,12,13,,진행중,https://job.alio.go.kr/recruitview.do?idx=304267,2026-08-27,2026-08-27
304269,[안산병원] 기간제(사회복지사) 채용 공고,근로복지공단,경기,비정규직,2026-08-26,2026-09-02,5,6,,진행중,https://job.alio.go.kr/recruitview.do?idx=304269,2026-08-27,2026-08-27
304270,[소백산] 소백산사무소 국립공원지킴이 모집 공고,국립공원공단,경북,비정규직,2026-08-26,2026-08-31,3,4,,진행중,https://job.alio.go.kr/recruitview.do?idx=304270,2026-08-27,2026-08-27
304271,별정직 직원모집 공고(입원의학과)_채용완료시 공고종료,한국원자력의학원,서울,비정규직,2026-08-26,2026-12-31,125,126,,진행중,https://job.alio.go.kr/recruitview.do?idx=304271,2026-08-27,2026-08-27
304272,한전KPS(주)서인천사업처 2026년 신인천 4CC 계획예방정비공사 안전관리보조 단기노무원 채용공고,한전KPS(주),인천,비정규직,2026-08-26,2026-08-28,,1,Y,진행중,https://job.alio.go.kr/recruitview.do?idx=304272,2026-08-27,2026-08-27
304273,[제2026-94호] 2026년도 경영지원부 사회형평적(장애인) 청년인턴 채용 공고,한국장애인개발원,서울,청년인턴(체험형),2026-08-26,2026-09-09,12,13,,진행중,https://job.alio.go.kr/recruitview.do?idx=304273,2026-08-27,2026-08-27
304274,"우체국물류지원단 서울지사 동서울, 의정부, 성남사업소 기간제(운전직, 연차자대체) 채용 공고",(재)우체국물류지원단,서울 외 1,비정규직,2026-08-26,2026-09-01,4,5,,진행중,https://job.alio.go.kr/recruitview.do?idx=304274,2026-08-27,2026-08-27
304275,[인천보훈병원] 2026-13차 직원 보훈특별고용 채용,한국보훈복지의료공단,인천,무기계약직,2026-08-26,2026-09-09,12,13,,진행중,https://job.alio.go.kr/recruitview.do?idx=304275,2026-08-27,2026-08-27
304276,[한국수자원공사] 제주지역협력본부 한림·한경 및 대정·안덕 유수율 유지관리사업 특수직(기술관리_건설사업) 채용 공고,한국수자원공사,제주,비정규직,2026-08-26,2026-09-09,12,13,,진행중,https://job.alio.go.kr/recruitview.do?idx=304276,2026-08-27,2026-08-27
304217,[순천병원] 기간제 의사(응급의학과) 채용 공고,근로복지공단,전남광주,비정규직,2026-08-25,2026-09-04,7,8,,진행중,https://job.alio.go.kr/recruitview.do?idx=304217,2026-08-27,2026-08-27
304216,[순천병원] 별정직 의사(내과) 채용 공고,근로복지공단,전남광주,정규직,2026-08-25,2026-09-04,7,8,,진행중,https://job.alio.go.kr/recruitview.do?idx=304216,2026-08-27,2026-08-27
304215,2026년 공무직(시설관리) 공개채용 공고,영화진흥위원회,부산,무기계약직,2026-08-25,2026-09-09,12,13,,진행중,https://job.alio.go.kr/recruitview.do?idx=304215,2026-08-27,2026-08-27
304214,한국폴리텍대학 서울정수캠퍼스 체험형 청년인턴(일반) 채용 공고,학교법인한국폴리텍,서울,청년인턴(체험형),2026-08-25,2026-09-02,5,6,,진행중,https://job.alio.go.kr/recruitview.do?idx=304214,2026-08-27,2026-08-27
304213,한국언론진흥재단 2026년 4차 휴직자 대체 계약직 채용 공고,한국언론진흥재단,서울 외 1,비정규직,2026-08-25,2026-09-08,11,12,,진행중,https://job.alio.go.kr/recruitview.do?idx=304213,2026-08-27,2026-08-27
304212,한국폴리택대학 서울정수캠퍼스 하반기 업무지원직(식당보조원) 채용 공고,학교법인한국폴리텍,서울,비정규직,2026-08-25,2026-09-02,5,6,,진행중,https://job.alio.go.kr/recruitview.do?idx=304212,2026-08-27,2026-08-27
304211,2026년 건축직(일반계약직) 공개채용 재공고,영화진흥위원회,부산,비정규직,2026-08-25,2026-09-09,12,13,,진행중,https://job.alio.go.kr/recruitview.do?idx=304211,2026-08-27,2026-08-27
304209,한국스포츠과학원 초빙연구원(가급) 채용 공고-2026년 스포츠과학 코칭 아카데미 개설 및 운영,서울올림픽기념국민체육진흥공단,서울,비정규직,2026-08-25,2026-09-08,11,12,,진행중,https://job.alio.go.kr/recruitview.do?idx=304209,2026-08-27,2026-08-27
304218,[한국장애인고용공단 광주지역본부]2026년 체험형 청년인턴(대체근로자) 채용,한국장애인고용공단,전남광주,비정규직 외 1,2026-08-25,2026-09-03,6,7,,진행중,https://job.alio.go.kr/recruitview.do?idx=304218,2026-08-27,2026-08-27
304220,[강원혈액원] 2026년 대체인력(사무보조) 채용 공고(1),대한적십자사,강원,비정규직,2026-08-25,2026-09-14,17,18,,진행중,https://job.alio.go.kr/recruitview.do?idx=304220,2026-08-27,2026-08-27
304245,[속리산] 속리산국립공원사무소 기간제(국립공원지킴이-가을철) 직원 선발 공고,국립공원공단,충북 외 1,비정규직,2026-08-25,2026-09-07,10,11,,진행중,https://job.alio.go.kr/recruitview.do?idx=304245,2026-08-27,2026-08-27
304246,"2026년도 일반직(행정, 보건, 간호조무, 원무직) 신규직원 블라인드 공개채용 모집 공고",부산대학교병원,부산,정규직,2026-08-25,2026-09-08,11,12,,진행중,https://job.alio.go.kr/recruitview.do?idx=304246,2026-08-27,2026-08-27
304247,2026년도 일반직(간호직) 신규직원 블라인드 공개채용 모집 공고(양산),부산대학교병원,경남,정규직,2026-08-25,2026-09-08,11,12,,진행중,https://job.alio.go.kr/recruitview.do?idx=304247,2026-08-27,2026-08-27
304248,"2026년도 일반직(행정, 보건, 시설, 원무직) 신규직원 블라인드 공개채용 모집 공고(양산)",부산대학교병원,경남,정규직,2026-08-25,2026-09-08,11,12,,진행중,https://job.alio.go.kr/recruitview.do?idx=304248,2026-08-27,2026-08-27
304243,2026년도 일반직(간호직) 신규직원 블라인드 공개채용 모집 공고,부산대학교병원,부산,정규직,2026-08-25,2026-09-08,11,12,,진행중,https://job.alio.go.kr/recruitview.do?idx=304243,2026-08-27,2026-08-27
304240,[광주보훈병원] 장애인 청년인턴(체험형) 채용 공고,한국보훈복지의료공단,전남광주,청년인턴(체험형),2026-08-25,2026-09-04,7,8,,진행중,https://job.alio.go.kr/recruitview.do?idx=304240,2026-08-27,2026-08-27
304239,[세종] 2026년 8월 보조금계약직 직원 채용공고,충남대학교병원,세종,비정규직,2026-08-25,2026-09-08,11,12,,진행중,https://job.alio.go.kr/recruitview.do?idx=304239,2026-08-27,2026-08-27
304237,국립암센터 정규직 사무직 채용공고,국립암센터,경기,정규직,2026-08-25,2026-09-11,14,15,,진행중,https://job.alio.go.kr/recruitview.do?idx=304237,2026-08-27,2026-08-27
304221,[강원혈액원] 2026년 대체인력(사무보조) 채용 공고(2),대한적십자사,강원,비정규직,2026-08-25,2026-09-14,17,18,,진행중,https://job.alio.go.kr/recruitview.do?idx=304221,2026-08-27,2026-08-27
304234,청년인턴 채용공고[260825],국립암센터,경기,청년인턴(체험형),2026-08-25,2026-09-09,12,13,,진행중,https://job.alio.go.kr/recruitview.do?idx=304234,2026-08-27,2026-08-27
304232,"우체국물류지원단 부산지사 부산,울산사업소 기간제(운전직, 대체인력) 채용 공고",(재)우체국물류지원단,부산 외 1,비정규직,2026-08-25,2026-09-01,4,5,,진행중,https://job.alio.go.kr/recruitview.do?idx=304232,2026-08-27,2026-08-27
304222,2026년도 한국환경공단 신입직원 채용 공고,한국환경공단,서울 외 15,무기계약직 외 1,2026-08-25,2026-09-08,11,12,,진행중,https://job.alio.go.kr/recruitview.do?idx=304222,2026-08-27,2026-08-27
304231,2026년도 대한적십자사 충청북도지사 비정규직(육아휴직 대체인력) 사무보조원 채용공고,대한적십자사,충북,비정규직,2026-08-25,2026-09-09,12,13,,진행중,https://job.alio.go.kr/recruitview.do?idx=304231,2026-08-27,2026-08-27
304223,[다도해해상]20206년 다도해해상 한시인력(환경관리(해양)) 직원 채용(3차),국립공원공단,전남광주,비정규직,2026-08-25,2026-08-31,3,4,,진행중,https://job.alio.go.kr/recruitview.do?idx=304223,2026-08-27,2026-08-27
304224,기간제 근로자(대체인력) 채용공고 [경기북부본부 남양주지사],한국전력공사,경기,비정규직,2026-08-25,2026-09-09,12,13,,진행중,https://job.alio.go.kr/recruitview.do?idx=304224,2026-08-27,2026-08-27
304225,2026년 제3차 장애인 체험형 인턴 채용공고 [경기북부본부],한국전력공사,경기,청년인턴(체험형),2026-08-25,2026-09-09,12,13,,진행중,https://job.alio.go.kr/recruitview.do?idx=304225,2026-08-27,2026-08-27
304226,(수정) 2026년 국립생태원 신규직원 채용 공고,국립생태원,충남 외 2,무기계약직 외 2,2026-08-24,2026-09-09,12,13,,진행중,https://job.alio.go.kr/recruitview.do?idx=304226,2026-08-27,2026-08-27
304402,한국수산자원공단 2026년 개방직위(어업혁신본부장) 공개 모집(재공고),한국수산자원공단,부산,비정규직,2026-08-28,2026-09-14,15,16,,진행중,https://job.alio.go.kr/recruitview.do?idx=304402,2026-08-29,2026-08-29
304370,[울산병원] 별정직 의사(진단검사의학과) 채용 공고,근로복지공단,울산,정규직,2026-08-28,2026-09-07,8,9,,진행중,https://job.alio.go.kr/recruitview.do?idx=304370,2026-08-29,2026-08-29
304368,[울산병원] 별정직 의사(병동당직의) 채용 공고,근로복지공단,울산,정규직,2026-08-28,2026-09-07,8,9,,진행중,https://job.alio.go.kr/recruitview.do?idx=304368,2026-08-29,2026-08-29
304367,"[한국수자원공사] 2026년 전문직, 시설운영직(경력) 제한경쟁 채용공고",한국수자원공사,경기,정규직,2026-08-28,2026-09-11,12,13,,진행중,https://job.alio.go.kr/recruitview.do?idx=304367,2026-08-29,2026-08-29
304366,[한국장애인고용공단 인천지사] 기간제 근로자(체험형 청년인턴) 채용 공고,한국장애인고용공단,인천,비정규직 외 1,2026-08-28,2026-09-04,5,6,,진행중,https://job.alio.go.kr/recruitview.do?idx=304366,2026-08-29,2026-08-29
304365,[한국장애인고용공단 경기지역본부] 대체 근로자(체험형 청년인턴) 채용 공고,한국장애인고용공단,경기,비정규직 외 1,2026-08-28,2026-09-04,5,6,,진행중,https://job.alio.go.kr/recruitview.do?idx=304365,2026-08-29,2026-08-29
304364,[한국장애인고용공단 경기북부지사] 대체 근로자(체험형 청년인턴) 채용 공고,한국장애인고용공단,경기,비정규직 외 1,2026-08-28,2026-09-04,5,6,,진행중,https://job.alio.go.kr/recruitview.do?idx=304364,2026-08-29,2026-08-29
304360,"서울대학교치과병원 촉탁간호직(병동, 수술장) 채용 공고",서울대학교치과병원,서울,비정규직,2026-08-28,2026-09-11,12,13,,진행중,https://job.alio.go.kr/recruitview.do?idx=304360,2026-08-29,2026-08-29
304359,한전KPS(주) 대구사업소 단기노무원 채용 4차('26년도 대구 열병합발전시설 정기점검보수공사),한전KPS(주),대구,비정규직,2026-08-28,2026-08-31,1,2,Y,진행중,https://job.alio.go.kr/recruitview.do?idx=304359,2026-08-29,2026-08-29
304357,[순천병원] 기간제(산업위생사) 채용 공고,근로복지공단,전남광주,비정규직,2026-08-28,2026-09-04,5,6,,진행중,https://job.alio.go.kr/recruitview.do?idx=304357,2026-08-29,2026-08-29
304354,"2026년 제4차 중앙사회서비스원 직원(개방형 직위, 기간제) 채용 공고",중앙사회서비스원,서울,비정규직 외 1,2026-08-28,2026-09-14,15,16,,진행중,https://job.alio.go.kr/recruitview.do?idx=304354,2026-08-29,2026-08-29
304353,"제주대학교병원 계약직(마취전담간호사, 외과전담간호사, 전담간호사) 모집공고",제주대학교병원,제주,무기계약직,2026-08-28,2026-09-03,4,5,,진행중,https://job.alio.go.kr/recruitview.do?idx=304353,2026-08-29,2026-08-29
304352,[순천병원] 청년(체험형)인턴 일반전형 채용 공고,근로복지공단,전남광주,청년인턴(체험형),2026-08-28,2026-09-04,5,6,,진행중,https://job.alio.go.kr/recruitview.do?idx=304352,2026-08-29,2026-08-29
304351,[덕유산] 덕유산국립공원사무소 국립공원지킴이(한시인력) 모집(3차) 공고,국립공원공단,전북,비정규직,2026-08-28,2026-09-08,9,10,,진행중,https://job.alio.go.kr/recruitview.do?idx=304351,2026-08-29,2026-08-29
304350,2026년 제2차 시설직(미화원·기술원·방호원) 공개채용,국토연구원,세종,무기계약직,2026-08-28,2026-09-11,12,13,,진행중,https://job.alio.go.kr/recruitview.do?idx=304350,2026-08-29,2026-08-29
304349,한국승강기안전공단 2026년 대체인력 채용 및 체험형인턴 재채용,한국승강기안전공단,서울 외 7,비정규직 외 1,2026-08-28,2026-09-11,12,13,,진행중,https://job.alio.go.kr/recruitview.do?idx=304349,2026-08-29,2026-08-29
304348,2026년 한국폴리텍대학 동부산캠퍼스 체험형 청년인턴(장애) 채용(3차) 공고,학교법인한국폴리텍,부산,청년인턴(체험형),2026-08-28,2026-09-04,5,6,,진행중,https://job.alio.go.kr/recruitview.do?idx=304348,2026-08-29,2026-08-29
304338,2026년 하반기 IBK기업은행 신입행원 채용공고,중소기업은행,서울 외 16,정규직,2026-08-28,2026-09-14,15,16,,진행중,https://job.alio.go.kr/recruitview.do?idx=304338,2026-08-29,2026-08-29
304329,한국폴리텍대학 창원캠퍼스 2026년 하반기 업무지원직(식당 단시간근로자) 4차 채용 공고,학교법인한국폴리텍,경남,비정규직,2026-08-28,2026-09-01,2,3,Y,진행중,https://job.alio.go.kr/recruitview.do?idx=304329,2026-08-29,2026-08-29
304328,"칠곡경북대학교병원 2026년 8월 6차 임시직원 채용공고(임상병리사, 물리치료사, 언어재활사, 업무보조)",경북대학교병원,대구,비정규직,2026-08-28,2026-09-02,3,4,,진행중,https://job.alio.go.kr/recruitview.do?idx=304328,2026-08-29,2026-08-29
304317,한국스포츠과학원 분석연구원(가·나급) 채용 공고-2026년 국가대표 현장밀착형 스포츠과학지원,서울올림픽기념국민체육진흥공단,충북,비정규직,2026-08-28,2026-09-11,12,13,,진행중,https://job.alio.go.kr/recruitview.do?idx=304317,2026-08-29,2026-08-29
304371,[울산병원] 별정직 의사(영상의학과) 채용 공고,근로복지공단,울산,정규직,2026-08-28,2026-09-07,8,9,,진행중,https://job.alio.go.kr/recruitview.do?idx=304371,2026-08-29,2026-08-29
304372,[울산병원] 별정직 의사(응급실전담의) 채용 공고,근로복지공단,울산,정규직,2026-08-28,2026-09-07,8,9,,진행중,https://job.alio.go.kr/recruitview.do?idx=304372,2026-08-29,2026-08-29
304373,[울산병원] 별정직 의사(응급의학과) 채용 공고,근로복지공단,울산,정규직,2026-08-28,2026-09-07,8,9,,진행중,https://job.alio.go.kr/recruitview.do?idx=304373,2026-08-29,2026-08-29
304401,한국폴리텍대학 영남융합기술캠퍼스 체험형 청년인턴(장애) 채용 공고,학교법인한국폴리텍,대구,청년인턴(체험형),2026-08-28,2026-09-06,7,8,,진행중,https://job.alio.go.kr/recruitview.do?idx=304401,2026-08-29,2026-08-29
304400,2026년도 예금보험공사 신입직원 채용안내,예금보험공사,서울,정규직,2026-08-28,2026-09-11,12,13,,진행중,https://job.alio.go.kr/recruitview.do?idx=304400,2026-08-29,2026-08-29
304397,[한국환경연구원] 임시직(기후위기 적응) 채용 공고(0828),한국환경연구원,세종,비정규직,2026-08-28,2026-09-14,15,16,,진행중,https://job.alio.go.kr/recruitview.do?idx=304397,2026-08-29,2026-08-29
304396,[한국환경연구원] 임시직(공공기관 적응대책) 채용공고(0828),한국환경연구원,세종,비정규직,2026-08-28,2026-09-14,15,16,,진행중,https://job.alio.go.kr/recruitview.do?idx=304396,2026-08-29,2026-08-29
304395,[한국장애인고용공단 충남지사·충북지사] 대체근로자(체험형 청년인턴) 채용 공고,한국장애인고용공단,충남 외 1,비정규직 외 1,2026-08-28,2026-09-07,8,9,,진행중,https://job.alio.go.kr/recruitview.do?idx=304395,2026-08-29,2026-08-29
304393,계약직 전문의 채용 공고(외과),국립중앙의료원,서울,비정규직,2026-08-28,2026-09-14,15,16,,진행중,https://job.alio.go.kr/recruitview.do?idx=304393,2026-08-29,2026-08-29
304391,한국해양수산연수원 2026년도 개방형계약직(감사실장) 채용 공고,한국해양수산연수원,부산,비정규직,2026-08-28,2026-09-11,12,13,,진행중,https://job.alio.go.kr/recruitview.do?idx=304391,2026-08-29,2026-08-29
304390,(주)강원랜드 2026년 특수직무 기간제 근로자 모집 공고,(주)강원랜드,강원,비정규직,2026-08-28,2026-09-03,4,5,,진행중,https://job.alio.go.kr/recruitview.do?idx=304390,2026-08-29,2026-08-29
304386,2026년도 분당서울대학교병원 임상강사(Fellow) 4차 추가초빙,분당서울대학교병원,경기,정규직,2026-08-28,2026-09-10,11,12,,진행중,https://job.alio.go.kr/recruitview.do?idx=304386,2026-08-29,2026-08-29
304383,"[영주적십자병원] 정규직(보험심사, 조리사), 계약직(취사원(고령), 간호사(상근직), 간호조무사(상근직), 사무보조원(장애)), 육아휴직대체 사무보조원 공개채용 공고",대한적십자사,경북,비정규직 외 1,2026-08-28,2026-09-13,14,15,,진행중,https://job.alio.go.kr/recruitview.do?idx=304383,2026-08-29,2026-08-29
304374,[울산병원] 별정직 의사(마취통증의학과) 채용 공고,근로복지공단,울산,정규직,2026-08-28,2026-09-07,8,9,,진행중,https://job.alio.go.kr/recruitview.do?idx=304374,2026-08-29,2026-08-29
304375,[울산병원] 별정직 의사(산부인과) 채용 공고,근로복지공단,울산,정규직,2026-08-28,2026-09-07,8,9,,진행중,https://job.alio.go.kr/recruitview.do?idx=304375,2026-08-29,2026-08-29
304377,[울산병원] 별정직 의사(가정의학과) 채용 공고,근로복지공단,울산,정규직,2026-08-28,2026-09-07,8,9,,진행중,https://job.alio.go.kr/recruitview.do?idx=304377,2026-08-29,2026-08-29
304376,2026년 하반기 임상교수 채용 공고,경상국립대학교병원,경남,정규직,2026-08-28,2026-09-03,4,5,,진행중,https://job.alio.go.kr/recruitview.do?idx=304376,2026-08-29,2026-08-29
304378,2026년 하반기 진료교수 채용 공고,경상국립대학교병원,경남,비정규직,2026-08-28,2026-09-03,4,5,,진행중,https://job.alio.go.kr/recruitview.do?idx=304378,2026-08-29,2026-08-29
304379,[울산병원] 별정직 의사(이비인후과) 채용 공고,근로복지공단,울산,정규직,2026-08-28,2026-09-07,8,9,,진행중,https://job.alio.go.kr/recruitview.do?idx=304379,2026-08-29,2026-08-29
304380,[울산병원] 별정직 의사(신경과) 채용 공고,근로복지공단,울산,정규직,2026-08-28,2026-09-07,8,9,,진행중,https://job.alio.go.kr/recruitview.do?idx=304380,2026-08-29,2026-08-29
304381,"2026년 전문직1등급(촉탁의, 영상의학과) 채용 공고",경상국립대학교병원,경남,비정규직,2026-08-28,2026-12-31,123,124,,진행중,https://job.alio.go.kr/recruitview.do?idx=304381,2026-08-29,2026-08-29
304382,2026년 전문직1등급(촉탁의) 채용 공고,경상국립대학교병원,경남,비정규직,2026-08-28,2026-12-31,123,124,,진행중,https://job.alio.go.kr/recruitview.do?idx=304382,2026-08-29,2026-08-29
304315,[경기요양병원] 의료직(간호사) 6급 채용 공고,근로복지공단,경기,정규직,2026-08-27,2026-09-07,8,9,,진행중,https://job.alio.go.kr/recruitview.do?idx=304315,2026-08-29,2026-08-29
304313,한전KPS(주) 삼천포사업처 단기노무원(기계 단순보조) 채용(제48차),한전KPS(주),경남,비정규직,2026-08-27,2026-09-01,2,3,Y,진행중,https://job.alio.go.kr/recruitview.do?idx=304313,2026-08-29,2026-08-29
304314,[태백병원] 공무직(시설경비원) 채용 공고,근로복지공단,강원,무기계약직,2026-08-27,2026-09-03,4,5,,진행중,https://job.alio.go.kr/recruitview.do?idx=304314,2026-08-29,2026-08-29
304302,[태백병원] 공무직(작업치료사) 채용 공고,근로복지공단,강원,무기계약직,2026-08-27,2026-09-03,4,5,,진행중,https://job.alio.go.kr/recruitview.do?idx=304302,2026-08-29,2026-08-29
304318,[한국조세재정연구원] 2026년도 제5차 위촉직 직원모집,한국조세재정연구원,서울 외 1,비정규직,2026-08-27,2026-09-10,11,12,,진행중,https://job.alio.go.kr/recruitview.do?idx=304318,2026-08-29,2026-08-29
304344,"[대구보훈병원] (긴급) 정규직 기술직(전기), 업무지원직(급식,청소) 채용 공고",한국보훈복지의료공단,대구,무기계약직 외 1,2026-08-27,2026-09-06,7,8,,진행중,https://job.alio.go.kr/recruitview.do?idx=304344,2026-08-29,2026-08-29
304334,제2026-3회 중이온가속기연구소 별정직 직원 채용 공고,기초과학연구원,대전,비정규직,2026-08-27,2026-09-11,12,13,,진행중,https://job.alio.go.kr/recruitview.do?idx=304334,2026-08-29,2026-08-29
304333,2026년 임상교수요원(임상교수) 채용 공고,전북대학교병원,전북,정규직,2026-08-27,2026-09-09,10,11,,진행중,https://job.alio.go.kr/recruitview.do?idx=304333,2026-08-29,2026-08-29
304335,한국투자공사 2026년 신입직원 채용,한국투자공사,서울,정규직,2026-08-27,2026-09-18,19,20,,진행중,https://job.alio.go.kr/recruitview.do?idx=304335,2026-08-29,2026-08-29
304332,2026년도 제1차 전문·사무직원 채용공고,한국전력공사,서울 외 5,정규직,2026-08-27,2026-09-10,11,12,,진행중,https://job.alio.go.kr/recruitview.do?idx=304332,2026-08-29,2026-08-29
304331,[광주보훈병원] 전문의(정형외과) 직원 채용 공고,한국보훈복지의료공단,전남광주,비정규직,2026-08-27,2026-09-06,7,8,,진행중,https://job.alio.go.kr/recruitview.do?idx=304331,2026-08-29,2026-08-29
304330,2026년 한국여성인권진흥원 제5차 채용 공고,한국여성인권진흥원,서울,무기계약직 외 2,2026-08-27,2026-09-10,11,12,,진행중,https://job.alio.go.kr/recruitview.do?idx=304330,2026-08-29,2026-08-29
304327,한국문화관광연구원 2026년 제3차 청년인턴(장애인제한경쟁) 채용(9.2. 접수마감),한국문화관광연구원,서울,청년인턴(체험형),2026-08-27,2026-09-02,3,4,,진행중,https://job.alio.go.kr/recruitview.do?idx=304327,2026-08-29,2026-08-29
304324,2026년도 한국환경공단 하반기 개방형 직위(정선수도사업소장) 공개모집 공고,한국환경공단,강원,비정규직,2026-08-27,2026-09-10,11,12,,진행중,https://job.alio.go.kr/recruitview.do?idx=304324,2026-08-29,2026-08-29
304323,[한국장애인고용공단 서울지역본부·강원지사] 기간제근로자 통합채용 공고,한국장애인고용공단,서울 외 1,비정규직 외 1,2026-08-27,2026-09-09,10,11,,진행중,https://job.alio.go.kr/recruitview.do?idx=304323,2026-08-29,2026-08-29
304319,[한국조세재정연구원] 2026년도 제3차 체험형 청년인턴 신규채용,한국조세재정연구원,서울 외 1,청년인턴(체험형),2026-08-27,2026-09-10,11,12,,진행중,https://job.alio.go.kr/recruitview.do?idx=304319,2026-08-29,2026-08-29
304320,육아휴직 대체직 채용공고(주택관리공단 부산울산지사),주택관리공단(주),부산,비정규직,2026-08-27,2026-09-03,4,5,,진행중,https://job.alio.go.kr/recruitview.do?idx=304320,2026-08-29,2026-08-29
304321,[한국장애인고용공단 부산직업능력개발원] 일반직 대체근로자(체험형 청년인턴) 채용 공고,한국장애인고용공단,부산,비정규직 외 1,2026-08-27,2026-09-03,4,5,,진행중,https://job.alio.go.kr/recruitview.do?idx=304321,2026-08-29,2026-08-29
304346,(경남혈액원) 비정규직 기간제(한시적) 임상병리사 채용 공고,대한적십자사,경남,비정규직,2026-08-26,2026-09-10,11,12,,진행중,https://job.alio.go.kr/recruitview.do?idx=304346,2026-08-29,2026-08-29
304347,(경남혈액원) 비정규직 초단시간 헌혈권장원 채용 공고,대한적십자사,경남,비정규직,2026-08-26,2026-09-10,11,12,,진행중,https://job.alio.go.kr/recruitview.do?idx=304347,2026-08-29,2026-08-29
304662,"칠곡경북대학교병원 2026년 9월 2차 임시직원 채용공고(행정, 사회복지사)",경북대학교병원,대구,비정규직,2026-09-05,2026-09-10,5,6,,진행중,https://job.alio.go.kr/recruitview.do?idx=304662,2026-09-04,2026-09-04
304644,한전KPS(주) 서울경기전력지사 성남지점 부지정리원 모집,한전KPS(주),경기,비정규직,2026-09-05,2026-09-11,6,7,,진행중,https://job.alio.go.kr/recruitview.do?idx=304644,2026-09-04,2026-09-04
304630,[광주보훈병원] 계약직 보건직(언어재활사) 직원 채용 공고,한국보훈복지의료공단,전남광주,비정규직,2026-09-04,2026-09-14,9,10,,진행중,https://job.alio.go.kr/recruitview.do?idx=304630,2026-09-04,2026-09-04
304627,국토연구원 2026년 제9차 위촉직(기간제) 공개채용,국토연구원,세종,비정규직,2026-09-04,2026-09-18,13,14,,진행중,https://job.alio.go.kr/recruitview.do?idx=304627,2026-09-04,2026-09-04
304626,88관광개발(주) - 경리직 채용공고,88관광개발(주),경기,정규직,2026-09-04,2026-09-18,13,14,,진행중,https://job.alio.go.kr/recruitview.do?idx=304626,2026-09-04,2026-09-04
304623,"우체국물류지원단 서울지사 동서울물류사업소, 구로우체국 추석 특별소통 기간제(파렛정리) 채용 공고",(재)우체국물류지원단,서울,비정규직,2026-09-04,2026-09-10,5,6,,진행중,https://job.alio.go.kr/recruitview.do?idx=304623,2026-09-04,2026-09-04
304620,한국폴리텍대학 전남캠퍼스 업무직(조리원) 채용(6차) 공고,학교법인한국폴리텍,전남광주,무기계약직,2026-09-04,2026-09-13,8,9,,진행중,https://job.alio.go.kr/recruitview.do?idx=304620,2026-09-04,2026-09-04
304619,"우체국물류지원단 경인지사 안양,부평물류사업소 추석 단기 기간제(일용직_우편물 구분) 채용 공고",(재)우체국물류지원단,인천 외 1,비정규직,2026-09-04,2026-09-15,10,11,,진행중,https://job.alio.go.kr/recruitview.do?idx=304619,2026-09-04,2026-09-04
304604,"우체국물류지원단 광주지사 기간제(사무직, 육아휴직대체) 채용 공고",(재)우체국물류지원단,전남광주,비정규직,2026-09-04,2026-09-10,5,6,,진행중,https://job.alio.go.kr/recruitview.do?idx=304604,2026-09-04,2026-09-04
304599,한전KPS(주) 서울경기전력지사 인천지점 단기노무원(부지정리) 모집,한전KPS(주),인천,비정규직,2026-09-04,2026-09-11,6,7,,진행중,https://job.alio.go.kr/recruitview.do?idx=304599,2026-09-04,2026-09-04
304341,IBK기업은행 전문계약직(컨설턴트(세무회계)) 채용공고,중소기업은행,서울,비정규직,2026-09-04,2026-09-21,16,17,,진행중,https://job.alio.go.kr/recruitview.do?idx=304341,2026-09-04,2026-09-04
304342,IBK기업은행 전문계약직(군 전문위원) 채용공고,중소기업은행,서울,비정규직,2026-09-04,2026-09-21,16,17,,진행중,https://job.alio.go.kr/recruitview.do?idx=304342,2026-09-04,2026-09-04
304557,2026년 하반기 IBK기업은행 일반직원(정규직) 수시채용 공고,중소기업은행,서울 외 16,정규직,2026-09-04,2026-09-21,16,17,,진행중,https://job.alio.go.kr/recruitview.do?idx=304557,2026-09-04,2026-09-04
304544,2026년 하반기 육아휴직대체인력(기간제계약직/극지 우주과학) 공개채용 공고,극지연구소,인천,비정규직,2026-09-04,2026-09-18,13,14,,진행중,https://job.alio.go.kr/recruitview.do?idx=304544,2026-09-04,2026-09-04
304343,IBK기업은행 전문계약직(감정평가사) 채용공고,중소기업은행,서울,비정규직,2026-09-04,2026-09-21,16,17,,진행중,https://job.alio.go.kr/recruitview.do?idx=304343,2026-09-04,2026-09-04
304345,IBK기업은행 전문계약직(한국변호사) 채용공고,중소기업은행,서울,비정규직,2026-09-04,2026-09-21,16,17,,진행중,https://job.alio.go.kr/recruitview.do?idx=304345,2026-09-04,2026-09-04
304362,IBK기업은행 전문계약직(보이스피싱 모니터링) 채용공고,중소기업은행,서울,비정규직,2026-09-04,2026-09-21,16,17,,진행중,https://job.alio.go.kr/recruitview.do?idx=304362,2026-09-04,2026-09-04
304363,IBK기업은행 전문계약직(안전관리자) 채용공고,중소기업은행,서울,비정규직,2026-09-04,2026-09-21,16,17,,진행중,https://job.alio.go.kr/recruitview.do?idx=304363,2026-09-04,2026-09-04
304388,IBK기업은행 전문계약직(보건관리자) 채용공고,중소기업은행,서울,비정규직,2026-09-04,2026-09-21,16,17,,진행중,https://job.alio.go.kr/recruitview.do?idx=304388,2026-09-04,2026-09-04
304389,IBK기업은행 전문계약직(소방안전관리자) 채용공고,중소기업은행,서울,비정규직,2026-09-04,2026-09-21,16,17,,진행중,https://job.alio.go.kr/recruitview.do?idx=304389,2026-09-04,2026-09-04
304392,IBK기업은행 전문계약직(사격선수) 채용공고,중소기업은행,서울 외 16,비정규직,2026-09-04,2026-09-21,16,17,,진행중,https://job.alio.go.kr/recruitview.do?idx=304392,2026-09-04,2026-09-04
304394,IBK기업은행 전문계약직(사격단 트레이너) 채용공고,중소기업은행,서울 외 16,비정규직,2026-09-04,2026-09-21,16,17,,진행중,https://job.alio.go.kr/recruitview.do?idx=304394,2026-09-04,2026-09-04
304633,[전주보훈요양원] 장애인 청년인턴 채용 공고,한국보훈복지의료공단,전북,청년인턴(체험형),2026-09-04,2026-09-14,9,10,,진행중,https://job.alio.go.kr/recruitview.do?idx=304633,2026-09-04,2026-09-04
304635,한전KPS(주)울산사업소 전기부 단기노무원 모집(2차),한전KPS(주),울산,비정규직,2026-09-04,2026-09-08,3,4,,진행중,https://job.alio.go.kr/recruitview.do?idx=304635,2026-09-04,2026-09-04
304636,2026년 한국폴리텍대학 울산캠퍼스 하반기 행정지원직(교학처 학과조교 휴직 대체) 3차 채용 공고,학교법인한국폴리텍,울산,비정규직,2026-09-04,2026-09-14,9,10,,진행중,https://job.alio.go.kr/recruitview.do?idx=304636,2026-09-04,2026-09-04
304649,2026년 한시적계약직 특별채용 공고(팀장급),대한석탄공사,강원,비정규직,2026-09-04,2026-09-20,15,16,,진행중,https://job.alio.go.kr/recruitview.do?idx=304649,2026-09-04,2026-09-04
304339,IBK기업은행 일반계약직(스포츠센터 트레이너) 채용공고,중소기업은행,경기,비정규직,2026-09-04,2026-09-21,16,17,,진행중,https://job.alio.go.kr/recruitview.do?idx=304339,2026-09-04,2026-09-04
304648,[인천병원] 기간제(사무원) 채용 공고,근로복지공단,인천,비정규직,2026-09-04,2026-09-11,6,7,,진행중,https://job.alio.go.kr/recruitview.do?idx=304648,2026-09-04,2026-09-04
304646,[인천병원] 별정직 의사(재활의학과) 채용 공고,근로복지공단,인천,정규직,2026-09-04,2026-09-14,9,10,,진행중,https://job.alio.go.kr/recruitview.do?idx=304646,2026-09-04,2026-09-04
304661,(통영적십자병원) 정규직 기술원(시설) 채용 공고,대한적십자사,경남,정규직,2026-09-04,2026-09-20,15,16,,진행중,https://job.alio.go.kr/recruitview.do?idx=304661,2026-09-04,2026-09-04
304645,[인천병원] 별정직 의사(내과 또는 가정의학과) 채용 공고,근로복지공단,인천,정규직,2026-09-04,2026-09-14,9,10,,진행중,https://job.alio.go.kr/recruitview.do?idx=304645,2026-09-04,2026-09-04
304660,(통영적십자병원) 정규직 간호사 채용 공고,대한적십자사,경남,정규직,2026-09-04,2026-09-20,15,16,,진행중,https://job.alio.go.kr/recruitview.do?idx=304660,2026-09-04,2026-09-04
304659,한국문화관광연구원 위촉직원 채용 공고 [2026-36],한국문화관광연구원,서울,비정규직,2026-09-04,2026-09-11,6,7,,진행중,https://job.alio.go.kr/recruitview.do?idx=304659,2026-09-04,2026-09-04
304658,[에너지경제연구원] 공공기관 청년인턴(장애인제한경쟁) 채용 공고(운영지원팀),에너지경제연구원,울산,청년인턴(체험형),2026-09-04,2026-09-21,16,17,,진행중,https://job.alio.go.kr/recruitview.do?idx=304658,2026-09-04,2026-09-04
304657,[내장산생태탐방원] 내장산생태탐방원 기간제[한시인력(수익시설)] 직원 채용,국립공원공단,전북,비정규직,2026-09-04,2026-09-11,6,7,,진행중,https://job.alio.go.kr/recruitview.do?idx=304657,2026-09-04,2026-09-04
304656,2026년도 하반기 일반직 신입직원 공개채용 공고,국민연금공단,서울 외 15,정규직,2026-09-04,2026-09-18,13,14,,진행중,https://job.alio.go.kr/recruitview.do?idx=304656,2026-09-04,2026-09-04
304655,2026년도 한국학중앙연구원 문화콘텐츠편찬실 청년인턴 채용 공고,한국학중앙연구원,경기,청년인턴(체험형),2026-09-04,2026-09-20,15,16,,진행중,https://job.alio.go.kr/recruitview.do?idx=304655,2026-09-04,2026-09-04
304643,[안산병원] 의료직(간호사) 6급 채용 공고,근로복지공단,경기,정규직,2026-09-04,2026-09-14,9,10,,진행중,https://job.alio.go.kr/recruitview.do?idx=304643,2026-09-04,2026-09-04
304642,[대전병원] 의료직(간호사) 6급 채용 공고,근로복지공단,대전,정규직,2026-09-04,2026-09-14,9,10,,진행중,https://job.alio.go.kr/recruitview.do?idx=304642,2026-09-04,2026-09-04
304641,한전KPS(주) 서울경기전력지사 고양지점 단기노무원(부지정리) 모집,한전KPS(주),경기,비정규직,2026-09-04,2026-09-14,9,10,,진행중,https://job.alio.go.kr/recruitview.do?idx=304641,2026-09-04,2026-09-04
304654,과학기술정책연구원 4차 연구직/전문연구직/행정직(계약직)(재공고) 채용,과학기술정책연구원,세종,비정규직,2026-09-04,2026-09-21,16,17,,진행중,https://job.alio.go.kr/recruitview.do?idx=304654,2026-09-04,2026-09-04
304640,"[인천보훈병원] 2026년 제7차 의사직 [일반내과, 내과(순환기내과), 신경외과, 정형외과, 치과보철과, 병동당직의] 공개채용",한국보훈복지의료공단,인천,비정규직,2026-09-04,2026-09-18,13,14,,진행중,https://job.alio.go.kr/recruitview.do?idx=304640,2026-09-04,2026-09-04
304340,IBK기업은행 일반계약직(나라사랑카드 영업지원) 채용공고,중소기업은행,서울 외 1,비정규직,2026-09-04,2026-09-21,16,17,,진행중,https://job.alio.go.kr/recruitview.do?idx=304340,2026-09-04,2026-09-04
304637,2026년도 하반기 대한적십자사 KOICA 영프로페셔널(YP) 청년인턴 공개모집,대한적십자사,서울,청년인턴(체험형),2026-09-04,2026-09-28,23,24,,진행중,https://job.alio.go.kr/recruitview.do?idx=304637,2026-09-04,2026-09-04
304501,한국스포츠과학원 초빙연구원(나급) 채용 공고-스포츠반도핑 정보활동 및 조사체계 구축 연구,서울올림픽기념국민체육진흥공단,서울,비정규직,2026-09-03,2026-09-17,12,13,,진행중,https://job.alio.go.kr/recruitview.do?idx=304501,2026-09-04,2026-09-04
304576,한전KPS(주) 영흥사업처 5호기 계획예방정비공사 단기노무원 모집(전기2팀),한전KPS(주),인천,비정규직,2026-09-03,2026-09-10,5,6,,진행중,https://job.alio.go.kr/recruitview.do?idx=304576,2026-09-04,2026-09-04
304575,[지리산전남] 2026년 하반기(2차) 국립공원지킴이 채용 공고,국립공원공단,전남광주,비정규직,2026-09-03,2026-09-17,12,13,,진행중,https://job.alio.go.kr/recruitview.do?idx=304575,2026-09-04,2026-09-04
304574,한전KPS(주) 서울경기전력지사 수원지점 단기노무원(부지정리) 모집,한전KPS(주),경기,비정규직,2026-09-03,2026-09-11,6,7,,진행중,https://job.alio.go.kr/recruitview.do?idx=304574,2026-09-04,2026-09-04
304573,한전KDN(주) 울산지사 배전분야 일용원 모집공고,한전KDN,울산,비정규직,2026-09-03,2026-09-17,12,13,,진행중,https://job.alio.go.kr/recruitview.do?idx=304573,2026-09-04,2026-09-04
304570,[제2026-95호]2026년도 직업재활부(사업평가팀) 사회형평적(장애인) 청년인턴 채용 공고,한국장애인개발원,서울,청년인턴(체험형),2026-09-03,2026-09-17,12,13,,진행중,https://job.alio.go.kr/recruitview.do?idx=304570,2026-09-04,2026-09-04
304560,한국폴리텍대학 창원캠퍼스 2026년 하반기 업무지원직(식당 단시간근로자) 5차 채용 공고,학교법인한국폴리텍,경남,비정규직,2026-09-03,2026-09-07,2,3,Y,진행중,https://job.alio.go.kr/recruitview.do?idx=304560,2026-09-04,2026-09-04
304554,[직원채용] 별정직 의사직(마취통증의학과) 공개 채용,동남권원자력의학원,부산,비정규직,2026-09-03,2026-09-16,11,12,,진행중,https://job.alio.go.kr/recruitview.do?idx=304554,2026-09-04,2026-09-04
304537,한전KDN(주) 대구본부 AMI분야 작업원 모집공고,한전KDN,대구 외 1,비정규직,2026-09-03,2026-09-17,12,13,,진행중,https://job.alio.go.kr/recruitview.do?idx=304537,2026-09-04,2026-09-04
304504,2026년도 제5차 한국보건의료인국가시험원 대체인력(기간제직원) 채용 공고 (인재채움뱅크),한국보건의료인국가시험원,서울,비정규직,2026-09-03,2026-09-17,12,13,,진행중,https://job.alio.go.kr/recruitview.do?idx=304504,2026-09-04,2026-09-04
304502,한국토지주택공사 토지주택연구원 기간제근로자 채용공고,한국토지주택공사,대전,비정규직,2026-09-03,2026-09-17,12,13,,진행중,https://job.alio.go.kr/recruitview.do?idx=304502,2026-09-04,2026-09-04
304579,한전KPS(주)서인천사업처 신인천 4CC 계획예방정비공사 청소세탁 단기노무원 채용공고,한전KPS(주),인천,비정규직,2026-09-03,2026-09-10,5,6,,진행중,https://job.alio.go.kr/recruitview.do?idx=304579,2026-09-04,2026-09-04
304580,한전KPS(주) 한울1사업처 한울1호기 제27차 계획예방정비공사 단기노무원 채용 공고(2차),한전KPS(주),경북,비정규직,2026-09-03,2026-09-16,11,12,,진행중,https://job.alio.go.kr/recruitview.do?idx=304580,2026-09-04,2026-09-04
304581,[지리산전남] 가을성수기 기간제(수익시설 2차) 직원 채용 공고,국립공원공단,전남광주,비정규직,2026-09-03,2026-09-09,4,5,,진행중,https://job.alio.go.kr/recruitview.do?idx=304581,2026-09-04,2026-09-04
304624,대한적십자사 서울남부혈액원 비정규직 장애인 한시적 근로자 채용 공고,대한적십자사,서울,비정규직,2026-09-03,2026-09-18,13,14,,진행중,https://job.alio.go.kr/recruitview.do?idx=304624,2026-09-04,2026-09-04
304622,[한국지식재산보호원] 2026년도 제9차 인력채용,한국지식재산보호원,서울,비정규직 외 2,2026-09-03,2026-09-18,13,14,,진행중,https://job.alio.go.kr/recruitview.do?idx=304622,2026-09-04,2026-09-04
304621,[한국지식재산보호원] 2026년도 제8차 인력채용,한국지식재산보호원,서울,비정규직 외 1,2026-09-03,2026-09-18,13,14,,진행중,https://job.alio.go.kr/recruitview.do?idx=304621,2026-09-04,2026-09-04
304618,2026년 계약형 지역필수의사 1차 초빙 공고,경북대학교병원,대구,정규직,2026-09-03,2026-09-17,12,13,,진행중,https://job.alio.go.kr/recruitview.do?idx=304618,2026-09-04,2026-09-04
304617,[중앙보훈병원] 기간제 간호직 채용공고(9월),한국보훈복지의료공단,서울,비정규직,2026-09-03,2026-09-17,12,13,,진행중,https://job.alio.go.kr/recruitview.do?idx=304617,2026-09-04,2026-09-04
304520,한전KPS(주) 청주시운전부 정비보조 단기노무원 3차 채용,한전KPS(주),충북,비정규직,2026-09-03,2026-09-07,2,3,Y,진행중,https://job.alio.go.kr/recruitview.do?idx=304520,2026-09-04,2026-09-04
304615,2026년도 하반기 한국산림복지진흥원 공무직 채용 공고,한국산림복지진흥원,대전 외 5,무기계약직,2026-09-03,2026-09-21,16,17,,진행중,https://job.alio.go.kr/recruitview.do?idx=304615,2026-09-04,2026-09-04
304613,2026년 KOICA 글로벌연수(아시아 개도국 농축수산물 안전관리 역량강화 사업) 일용직직원 채용,한국식품안전관리인증원,충북 외 1,비정규직,2026-09-03,2026-09-08,3,4,,진행중,https://job.alio.go.kr/recruitview.do?idx=304613,2026-09-04,2026-09-04
304612,"2026년도 하반기 한국산림복지진흥원 정규직(5급, 6급) 채용 공고",한국산림복지진흥원,대전 외 10,정규직,2026-09-03,2026-09-21,16,17,,진행중,https://job.alio.go.kr/recruitview.do?idx=304612,2026-09-04,2026-09-04
304610,"2026년 9월 제1차 임시직원 모집 공고(간호조무사, 시설기술(건축), 원무(기계설비), 응급구조사, 의공직)",경북대학교병원,대구,비정규직,2026-09-03,2026-09-08,3,4,,진행중,https://job.alio.go.kr/recruitview.do?idx=304610,2026-09-04,2026-09-04
304605,한전KDN(주) 전북사업처 AMI분야 일용근로자 모집 공고,한전KDN,전북,비정규직,2026-09-03,2026-09-17,12,13,,진행중,https://job.alio.go.kr/recruitview.do?idx=304605,2026-09-04,2026-09-04
304602,코레일유통(주) 노무고문 공개모집 공고,코레일유통(주),서울,비정규직,2026-09-03,2026-09-17,12,13,,진행중,https://job.alio.go.kr/recruitview.do?idx=304602,2026-09-04,2026-09-04
304582,한전KPS(주) 서울경기전력지사 군포지점 단기노무원(부지정리) 모집,한전KPS(주),서울 외 1,비정규직,2026-09-03,2026-09-11,6,7,,진행중,https://job.alio.go.kr/recruitview.do?idx=304582,2026-09-04,2026-09-04
304598,[주왕산] 2026년도 주왕산국립공원 한시인력(수익시설) 직원 추가 채용,국립공원공단,경북,비정규직,2026-09-03,2026-09-08,3,4,,진행중,https://job.alio.go.kr/recruitview.do?idx=304598,2026-09-04,2026-09-04
304594,"우체국물류지원단 광주지사 광주, 순천, 영암, 전주사업소 추석 특별소통 단기 기간제(운전직, 상하차) 채용 공고",(재)우체국물류지원단,전북 외 1,비정규직,2026-09-03,2026-09-11,6,7,,진행중,https://job.alio.go.kr/recruitview.do?idx=304594,2026-09-04,2026-09-04
304591,[한국수자원공사] 장흥수도지사 특수직(지방상수도 시설운영) 채용 공고,한국수자원공사,전남광주,비정규직,2026-09-03,2026-09-17,12,13,,진행중,https://job.alio.go.kr/recruitview.do?idx=304591,2026-09-04,2026-09-04
304590,[금정산] 2026년 국립공원지킴이(녹색순찰대) 모집 공고(양산시),국립공원공단,경남,비정규직,2026-09-03,2026-09-14,9,10,,진행중,https://job.alio.go.kr/recruitview.do?idx=304590,2026-09-04,2026-09-04
304586,육아휴직 대체직 채용공고(주택관리공단 전북지사),주택관리공단(주),전북,비정규직,2026-09-03,2026-09-10,5,6,,진행중,https://job.alio.go.kr/recruitview.do?idx=304586,2026-09-04,2026-09-04
304589,[금정산] 2026년 국립공원지킴이(녹색순찰대) 모집 공고(부산광역시),국립공원공단,부산,비정규직,2026-09-03,2026-09-14,9,10,,진행중,https://job.alio.go.kr/recruitview.do?idx=304589,2026-09-04,2026-09-04
304588,육아휴직 대체직 채용공고(주택관리공단 대구경북지사),주택관리공단(주),경북,비정규직,2026-09-03,2026-09-10,5,6,,진행중,https://job.alio.go.kr/recruitview.do?idx=304588,2026-09-04,2026-09-04
304587,채용형 인턴 채용공고(주택관리공단 대구경북지사),주택관리공단(주),대구,청년인턴(채용형),2026-09-03,2026-09-10,5,6,,진행중,https://job.alio.go.kr/recruitview.do?idx=304587,2026-09-04,2026-09-04
304512,[지리산경남] 지리산국립공원경남사무소 2026년 하반기 국립공원지킴이 채용 공고,국립공원공단,경남,비정규직,2026-09-02,2026-09-16,11,12,,진행중,https://job.alio.go.kr/recruitview.do?idx=304512,2026-09-04,2026-09-04
304513,행정직 채용 공고,한국학중앙연구원,경기,정규직,2026-09-02,2026-09-17,12,13,,진행중,https://job.alio.go.kr/recruitview.do?idx=304513,2026-09-04,2026-09-04
304514,[동해병원] 기간제 의사(산부인과) 채용 공고,근로복지공단,강원,비정규직,2026-09-02,2026-09-09,4,5,,진행중,https://job.alio.go.kr/recruitview.do?idx=304514,2026-09-04,2026-09-04
304515,[한국수자원공사] (재공고) 전남북부권지사 실무직(사무관리_고객관리) 채용 공고,한국수자원공사,전남광주,무기계약직,2026-09-02,2026-09-16,11,12,,진행중,https://job.alio.go.kr/recruitview.do?idx=304515,2026-09-04,2026-09-04
304516,[팔공산서부]2026년 팔공산국립공원서부사무소 국립공원지킴이 채용(3차) 공고,국립공원공단,경북,비정규직,2026-09-02,2026-09-07,2,3,Y,진행중,https://job.alio.go.kr/recruitview.do?idx=304516,2026-09-04,2026-09-04
304517,전문직(상담) 채용 공고,한국학중앙연구원,경기,정규직,2026-09-02,2026-09-17,12,13,,진행중,https://job.alio.go.kr/recruitview.do?idx=304517,2026-09-04,2026-09-04
304518,[한국수자원공사] 영·섬유역협력단 남원현대화사업소 노후 상수관망 정비사업 특수직(기술관리_건설사업) 채용 공고,한국수자원공사,전북,비정규직,2026-09-02,2026-09-16,11,12,,진행중,https://job.alio.go.kr/recruitview.do?idx=304518,2026-09-04,2026-09-04
304519,[한국수자원공사] 영·섬유역협력단 익산현대화사업소 '26년 노후 상수관망 정비사업 특수직(기술관리_건설사업) 채용 공고,한국수자원공사,전북,비정규직,2026-09-02,2026-09-16,11,12,,진행중,https://job.alio.go.kr/recruitview.do?idx=304519,2026-09-04,2026-09-04
304511,2026년 대체인력(일반사무)-2 공개채용 공고,영화진흥위원회,부산,비정규직,2026-09-02,2026-09-17,12,13,,진행중,https://job.alio.go.kr/recruitview.do?idx=304511,2026-09-04,2026-09-04
304510,2026년 대체인력(일반사무)-1 공개채용 공고,영화진흥위원회,부산,비정규직,2026-09-02,2026-09-17,12,13,,진행중,https://job.alio.go.kr/recruitview.do?idx=304510,2026-09-04,2026-09-04
304509,[동해병원] 기간제 의사(응급실전담의) 채용 공고,근로복지공단,강원,비정규직,2026-09-02,2026-09-09,4,5,,진행중,https://job.alio.go.kr/recruitview.do?idx=304509,2026-09-04,2026-09-04
304508,[보전원] 국립공원야생생물보전원 국립공원지킴이(한시인력) 채용,국립공원공단,경북 외 1,비정규직,2026-09-02,2026-09-08,3,4,,진행중,https://job.alio.go.kr/recruitview.do?idx=304508,2026-09-04,2026-09-04
304507,한국마사회 경마지원직 채용공고(영천경마공원),한국마사회,경북,무기계약직,2026-09-02,2026-09-16,11,12,,진행중,https://job.alio.go.kr/recruitview.do?idx=304507,2026-09-04,2026-09-04
304403,"2026년 제2차 한국마사회 체험형 청년인턴 채용공고(장애인, 사회형평, 말산업 전문)",한국마사회,부산 외 2,청년인턴(체험형),2026-09-02,2026-09-16,11,12,,진행중,https://job.alio.go.kr/recruitview.do?idx=304403,2026-09-04,2026-09-04
304505,[한국장애인고용공단 전남지사]2026년 체험형 청년인턴(대체근로자) 채용,한국장애인고용공단,전남광주,비정규직 외 1,2026-09-02,2026-09-10,5,6,,진행중,https://job.alio.go.kr/recruitview.do?idx=304505,2026-09-04,2026-09-04
304476,[한국수자원공사] (재공고) 거제권지사 단기계약근로자(수돗물 안심서비스 운영관리) 채용 공고,한국수자원공사,경남,비정규직,2026-09-02,2026-09-16,11,12,,진행중,https://job.alio.go.kr/recruitview.do?idx=304476,2026-09-04,2026-09-04
304446,2026년도 제 2차 한국조폐공사 제지본부 기간제근로자 채용공고,한국조폐공사,충남,비정규직,2026-09-02,2026-09-16,11,12,,진행중,https://job.alio.go.kr/recruitview.do?idx=304446,2026-09-04,2026-09-04
304432,2026년도 하반기 신용보증기금 신입직원 채용,신용보증기금,서울 외 15,정규직,2026-09-02,2026-09-16,11,12,,진행중,https://job.alio.go.kr/recruitview.do?idx=304432,2026-09-04,2026-09-04
304486,서울올림픽기념국민체육진흥공단 파크텔 지원직(호텔지원(식음서비스)) 채용 공고,서울올림픽기념국민체육진흥공단,서울,무기계약직,2026-09-02,2026-09-16,11,12,,진행중,https://job.alio.go.kr/recruitview.do?idx=304486,2026-09-04,2026-09-04
304500,한전KDN(주) 울산지사 AMI 유지보수 일용근로자 모집공고,한전KDN,울산,비정규직,2026-09-02,2026-09-16,11,12,,진행중,https://job.alio.go.kr/recruitview.do?idx=304500,2026-09-04,2026-09-04
304521,[한국수자원공사] 영·섬유역협력단 김제현대화사업소 '26년 노후 상수관망 정비사업 특수직(기술관리_건설사업) 채용 공고,한국수자원공사,전북,비정규직,2026-09-02,2026-09-16,11,12,,진행중,https://job.alio.go.kr/recruitview.do?idx=304521,2026-09-04,2026-09-04
304616,(수정) [설악산] 2026년 국립공원지킴이(녹색순찰대) 추가 모집 공고,국립공원공단,강원,비정규직,2026-09-02,2026-09-14,9,10,,진행중,https://job.alio.go.kr/recruitview.do?idx=304616,2026-09-04,2026-09-04
304568,2026년 제3차 국립정원문화원 기간제 근로자 채용 공고,한국수목원정원관리원,전남광주,비정규직,2026-09-02,2026-09-16,11,12,,진행중,https://job.alio.go.kr/recruitview.do?idx=304568,2026-09-04,2026-09-04
304558,2026년 한국폴리텍대학 영주캠퍼스 업무직(대학운영직 조리원) 채용 공고,학교법인한국폴리텍,경북,무기계약직,2026-09-02,2026-09-08,3,4,,진행중,https://job.alio.go.kr/recruitview.do?idx=304558,2026-09-04,2026-09-04
304555,부산항만공사 정규직(신입) 채용 공고,부산항만공사,부산,정규직,2026-09-02,2026-09-17,12,13,,진행중,https://job.alio.go.kr/recruitview.do?idx=304555,2026-09-04,2026-09-04
304553,2026년도 계약직 행정원 채용공고(휴직대체),정보통신정책연구원,충북,비정규직,2026-09-02,2026-09-17,12,13,,진행중,https://job.alio.go.kr/recruitview.do?idx=304553,2026-09-04,2026-09-04
304552,2026년 9월 전남대학교병원 직원(대체근로자) 공개채용 공고,전남대학교병원,전남광주,비정규직,2026-09-02,2026-09-09,4,5,,진행중,https://job.alio.go.kr/recruitview.do?idx=304552,2026-09-04,2026-09-04
304551,2026년도 하반기 4직급 대졸수준 신입사원 채용공고,한국전력공사,서울 외 15,정규직,2026-09-02,2026-09-16,11,12,,진행중,https://job.alio.go.kr/recruitview.do?idx=304551,2026-09-04,2026-09-04
304549,[원주보훈요양원] 2026년 휴직대체 계약직(물리치료사) 공개채용 공고,한국보훈복지의료공단,강원,비정규직,2026-09-02,2026-09-17,12,13,,진행중,https://job.alio.go.kr/recruitview.do?idx=304549,2026-09-04,2026-09-04
304548,2026년 제4차 정규직 공개채용 공고,경북대학교병원,대구,정규직,2026-09-02,2026-09-16,11,12,,진행중,https://job.alio.go.kr/recruitview.do?idx=304548,2026-09-04,2026-09-04
304546,[원주보훈요양원] 2026년 제2차 체험형 청년인턴(장애인) 채용,한국보훈복지의료공단,강원,청년인턴(체험형),2026-09-02,2026-09-17,12,13,,진행중,https://job.alio.go.kr/recruitview.do?idx=304546,2026-09-04,2026-09-04
304545,기능직(통신) 채용 공고,한국학중앙연구원,경기,정규직,2026-09-02,2026-09-17,12,13,,진행중,https://job.alio.go.kr/recruitview.do?idx=304545,2026-09-04,2026-09-04
304337,한국폴리텍대학 창원캠퍼스 무기계약직원(업무직 영선원) 보훈제한경쟁 채용 공고,학교법인한국폴리텍,경남,무기계약직,2026-09-02,2026-09-09,4,5,,진행중,https://job.alio.go.kr/recruitview.do?idx=304337,2026-09-04,2026-09-04
304543,"제주대학교병원 휴직대체 계약직(보건의료정보관리사, 업무지원_환경) 모집공고",제주대학교병원,제주,비정규직,2026-09-02,2026-09-09,4,5,,진행중,https://job.alio.go.kr/recruitview.do?idx=304543,2026-09-04,2026-09-04
304542,제주대학교병원 원무직(업무보조) 모집공고,제주대학교병원,제주,정규직,2026-09-02,2026-09-09,4,5,,진행중,https://job.alio.go.kr/recruitview.do?idx=304542,2026-09-04,2026-09-04
304540,교원 초빙 공고,한국학중앙연구원,경기,정규직,2026-09-02,2026-09-17,12,13,,진행중,https://job.alio.go.kr/recruitview.do?idx=304540,2026-09-04,2026-09-04
304539,2026년도 제9차 혈액관리본부 소속기관 의무직 신규채용 공고(중앙혈액검사센터),대한적십자사,서울,비정규직,2026-09-02,2026-09-17,12,13,,진행중,https://job.alio.go.kr/recruitview.do?idx=304539,2026-09-04,2026-09-04
304538,2026년 4분기 한국콘텐츠진흥원 기간제 계약직원 채용 공고,한국콘텐츠진흥원,서울,비정규직,2026-09-02,2026-09-16,11,12,,진행중,https://job.alio.go.kr/recruitview.do?idx=304538,2026-09-04,2026-09-04
304522,[한국수자원공사] 영·섬유역협력단 진안현대화사업소 '26년 노후 상수관망 정비사업 특수직(기술관리_건설사업) 채용 공고,한국수자원공사,전북,비정규직,2026-09-02,2026-09-16,11,12,,진행중,https://job.alio.go.kr/recruitview.do?idx=304522,2026-09-04,2026-09-04
304523,한전KPS(주) 서울경기전력지사 구리지점 단기노무원(부지정비공) 모집,한전KPS(주),경기,비정규직,2026-09-02,2026-09-07,2,3,Y,진행중,https://job.alio.go.kr/recruitview.do?idx=304523,2026-09-04,2026-09-04
304524,우체국물류지원단 서울지사 동서울물류사업소 추석 특별소통 단기 기간제(일용직_우편물구분) 채용 공고,(재)우체국물류지원단,서울,비정규직,2026-09-02,2026-09-11,6,7,,진행중,https://job.alio.go.kr/recruitview.do?idx=304524,2026-09-04,2026-09-04
304525,[한려동부] 2026년 한려해상국립공원동부사무소 한시인력(국립공원지킴이) 직원 채용,국립공원공단,경남,비정규직,2026-09-02,2026-09-16,11,12,,진행중,https://job.alio.go.kr/recruitview.do?idx=304525,2026-09-04,2026-09-04
304526,사서직 채용 공고,한국학중앙연구원,경기,정규직,2026-09-02,2026-09-17,12,13,,진행중,https://job.alio.go.kr/recruitview.do?idx=304526,2026-09-04,2026-09-04
304527,2026년 4분기 한국콘텐츠진흥원 신입직원 채용 공고,한국콘텐츠진흥원,전남광주,정규직,2026-09-02,2026-09-28,23,24,,진행중,https://job.alio.go.kr/recruitview.do?idx=304527,2026-09-04,2026-09-04
304529,2026년 제4차 한식진흥원 공개채용 공고,한식진흥원,서울 외 1,정규직,2026-09-02,2026-09-18,13,14,,진행중,https://job.alio.go.kr/recruitview.do?idx=304529,2026-09-04,2026-09-04
304530,"206년 4분기 한국콘텐츠진흥원 공무직원(환경미화(보훈), 조리) 채용 공고",한국콘텐츠진흥원,서울 외 1,무기계약직,2026-09-02,2026-09-16,11,12,,진행중,https://job.alio.go.kr/recruitview.do?idx=304530,2026-09-04,2026-09-04
304531,[경기남부직업능력개발원] 특정업무직(운영지원직) 시설정비원(주간) 채용,한국장애인고용공단,경기,무기계약직 외 1,2026-09-02,2026-09-14,9,10,,진행중,https://job.alio.go.kr/recruitview.do?idx=304531,2026-09-04,2026-09-04
304536,2026년도 제4차 혈액관리본부 소속기관 원장 신규채용 공고(중부혈액검사센터),대한적십자사,대전,비정규직,2026-09-02,2026-09-17,12,13,,진행중,https://job.alio.go.kr/recruitview.do?idx=304536,2026-09-04,2026-09-04
304534,[경기남부직업능력개발원] 기간제근로자(전산관리원 대체인력) 공개경쟁 채용,한국장애인고용공단,경기,비정규직,2026-09-02,2026-09-14,9,10,,진행중,https://job.alio.go.kr/recruitview.do?idx=304534,2026-09-04,2026-09-04
304535,2026년 4분기 한국콘텐츠진흥원 경력직원 채용 공고,한국콘텐츠진흥원,전남광주,무기계약직,2026-09-02,2026-09-16,11,12,,진행중,https://job.alio.go.kr/recruitview.do?idx=304535,2026-09-04,2026-09-04
304533,비정규직(휴직 대체인력) 채용 공고,한국학중앙연구원,경기,비정규직,2026-09-02,2026-09-17,12,13,,진행중,https://job.alio.go.kr/recruitview.do?idx=304533,2026-09-04,2026-09-04
304532,"상주적십자병원 직원(정규직 간호사, 정규직 간호조무사, 정규직 기술직_운전원, 비정규직 사무보조원, 비정규직 임상병리사) 모집 공고",대한적십자사,경북,비정규직 외 1,2026-09-02,2026-09-18,13,14,,진행중,https://job.alio.go.kr/recruitview.do?idx=304532,2026-09-04,2026-09-04
304458,"우체국물류지원단 대전지사 대전,청주,천안사업소 추석 특별소통 단기 기간제(운전직,상하차) 채용 공고",(재)우체국물류지원단,대전 외 2,비정규직,2026-09-01,2026-09-07,2,3,Y,진행중,https://job.alio.go.kr/recruitview.do?idx=304458,2026-09-04,2026-09-04
304457,[무등산] 2026년 무등산국립공원 한시인력(국립공원지킴이) 4차 채용공고,국립공원공단,전남광주,비정규직,2026-09-01,2026-09-11,6,7,,진행중,https://job.alio.go.kr/recruitview.do?idx=304457,2026-09-04,2026-09-04
304456,정보통신정책연구원 정규직 직원(연구책임자) 채용 재공고,정보통신정책연구원,충북,정규직,2026-09-01,2026-09-16,11,12,,진행중,https://job.alio.go.kr/recruitview.do?idx=304456,2026-09-04,2026-09-04
304455,별정직 직원모집 공고(건강증진센터)_채용완료시 공고종료,한국원자력의학원,서울,비정규직,2026-09-01,2026-12-31,117,118,,진행중,https://job.alio.go.kr/recruitview.do?idx=304455,2026-09-04,2026-09-04
304452,대외환경협력처 기후변화대응팀 기간제(육아휴직 대체) 직원 채용공고,한국환경보전원,서울,비정규직,2026-09-01,2026-09-16,11,12,,진행중,https://job.alio.go.kr/recruitview.do?idx=304452,2026-09-04,2026-09-04
304451,소프트웨어정책연구소 정규직(연구직) 및 무기계약직(연구직) 채용,소프트웨어정책연구소,경기,무기계약직 외 1,2026-09-01,2026-09-16,11,12,,진행중,https://job.alio.go.kr/recruitview.do?idx=304451,2026-09-04,2026-09-04
304450,한국해양진흥공사 하반기 정규직(신입사원) 채용,한국해양진흥공사,부산,정규직,2026-09-01,2026-09-15,10,11,,진행중,https://job.alio.go.kr/recruitview.do?idx=304450,2026-09-04,2026-09-04
304449,[국가과학기술인력개발원] 2026년 제4회 정규직 및 위촉직 채용,국가과학기술인력개발원,대전 외 1,비정규직 외 1,2026-09-01,2026-09-16,11,12,,진행중,https://job.alio.go.kr/recruitview.do?idx=304449,2026-09-04,2026-09-04
304448,2026년 계약직연구원 공개채용(지능정보사회 정책연구),정보통신정책연구원,충북,비정규직,2026-09-01,2026-09-16,11,12,,진행중,https://job.alio.go.kr/recruitview.do?idx=304448,2026-09-04,2026-09-04
304460,[한려동부] 2026년 한려해상국립공원동부사무소 한시인력(수익시설) 직원 채용,국립공원공단,경남,비정규직,2026-09-01,2026-09-15,10,11,,진행중,https://job.alio.go.kr/recruitview.do?idx=304460,2026-09-04,2026-09-04
304453,제2026-5기 한국원자력의학원 별정직 정기공개채용,한국원자력의학원,서울,비정규직,2026-09-01,2026-09-16,11,12,,진행중,https://job.alio.go.kr/recruitview.do?idx=304453,2026-09-04,2026-09-04
304447,한국폴리텍대학 강릉캠퍼스 지역대학장 공개초빙 공고,학교법인한국폴리텍,강원,정규직,2026-09-01,2026-09-08,3,4,,진행중,https://job.alio.go.kr/recruitview.do?idx=304447,2026-09-04,2026-09-04
304445,2026년 9월 충북대학교병원 기간제근무자 모집 공고,충북대학교병원,충북,비정규직,2026-09-01,2026-09-15,10,11,,진행중,https://job.alio.go.kr/recruitview.do?idx=304445,2026-09-04,2026-09-04
304444,한국농어촌공사 전문계약직(건축사) 채용 공고,한국농어촌공사,전남광주,비정규직,2026-09-01,2026-09-16,11,12,,진행중,https://job.alio.go.kr/recruitview.do?idx=304444,2026-09-04,2026-09-04
304443,한국폴리텍 다솜고등학교 업무직(대학운영직_조리원)채용 공고(7차),학교법인한국폴리텍,충북,무기계약직,2026-09-01,2026-09-10,5,6,,진행중,https://job.alio.go.kr/recruitview.do?idx=304443,2026-09-04,2026-09-04
304436,"의사직 및 계약직 전문의 채용 공고(응급의학과, 정신건강의학과)",국립중앙의료원,서울,비정규직 외 1,2026-09-01,2026-09-16,11,12,,진행중,https://job.alio.go.kr/recruitview.do?idx=304436,2026-09-04,2026-09-04
304435,2026년 제1차 동남권원자력의학원 직원채용 공고,동남권원자력의학원,부산,비정규직,2026-09-01,2026-09-14,9,10,,진행중,https://job.alio.go.kr/recruitview.do?idx=304435,2026-09-04,2026-09-04
304427,한국폴리텍대학 구미캠퍼스 비정규직 직원(휴직 대체인력) 공개 채용,학교법인한국폴리텍,경북,비정규직,2026-09-01,2026-09-08,3,4,,진행중,https://job.alio.go.kr/recruitview.do?idx=304427,2026-09-04,2026-09-04
304358,2026년도 무주양수발전소 기간제근로자(영양사) 채용,한국수력원자력(주),전북,비정규직,2026-09-01,2026-09-16,11,12,,진행중,https://job.alio.go.kr/recruitview.do?idx=304358,2026-09-04,2026-09-04
